"listing_id","listing_name","source_name","listing_url_or_note","review_date","reviewer","status","category","category_priority","criterion_id","criterion_name","is_hard_filter","max_points","hard_filter_pass","points_awarded","score_pct","selected_band_or_condition","evidence_summary","evidence_url_or_note"
"bsh-vip-room","VIP Room","Balestier Students' Hostel","https://bshostel.com/room/vip-room/","2026-05-31","Codex","hard_filter_reviewed","lease_fit","1","LF01","availability_for_target_dates","yes","ELIM","tbd","","","availability_unverified","exact August 9, 2026 availability is not fully verified in the stored listing evidence","https://bshostel.com/room/vip-room/"
"bsh-vip-room","VIP Room","Balestier Students' Hostel","https://bshostel.com/room/vip-room/","2026-05-31","Codex","hard_filter_reviewed","cost","2","CO01","monthly_rent","yes","ELIM","yes","","","within_sgd_2000_cap","displayed monthly price is S$1900, which is within the SGD 2000 hard cap","https://bshostel.com/room/vip-room/"
"bsh-vip-room","VIP Room","Balestier Students' Hostel","https://bshostel.com/room/vip-room/","2026-05-31","Codex","hard_filter_reviewed","location","3","LC01","commute_time_to_smu","yes","ELIM","tbd","","","commute_unverified","no verified numeric commute value is stored for this listing","https://bshostel.com/room/vip-room/"
"bsh-vip-room","VIP Room","Balestier Students' Hostel","https://bshostel.com/room/vip-room/","2026-05-31","Codex","hard_filter_reviewed","living_arrangement","4","LA03","bed_size_for_two","yes","ELIM","tbd","","","bed_size_unverified","bed evidence is 'unknown', so fit for two people remains unresolved","https://bshostel.com/room/vip-room/"
"bsh-vip-room","VIP Room","Balestier Students' Hostel","https://bshostel.com/room/vip-room/","2026-05-31","Codex","hard_filter_reviewed","unit_quality","5","UQ01","air_conditioning","yes","ELIM","yes","","","aircon_confirmed","listing review confirms air-conditioning in the room or apartment","https://bshostel.com/room/vip-room/"
"bsh-vip-room","VIP Room","Balestier Students' Hostel","https://bshostel.com/room/vip-room/","2026-05-31","Codex","hard_filter_reviewed","unit_quality","5","UQ02","desk_in_room","yes","ELIM","yes","","","desk_confirmed","listing review confirms a desk or study table in the room","https://bshostel.com/room/vip-room/"
"bsh-vip-room","VIP Room","Balestier Students' Hostel","https://bshostel.com/room/vip-room/","2026-05-31","Codex","hard_filter_reviewed","unit_quality","5","UQ03","natural_light_and_window","yes","ELIM","yes","","","window_daylight_confirmed","listing review records natural light quality as 'yes'","https://bshostel.com/room/vip-room/"
"bsh-vip-room","VIP Room","Balestier Students' Hostel","https://bshostel.com/room/vip-room/","2026-05-31","Codex","hard_filter_reviewed","unit_quality","5","UQ04","laundry_access","yes","ELIM","yes","","","laundry_confirmed","listing review confirms laundry or washer/dryer access in the building or unit","https://bshostel.com/room/vip-room/"
"bsh-vip-room","VIP Room","Balestier Students' Hostel","https://bshostel.com/room/vip-room/","2026-05-31","Codex","hard_filter_reviewed","trust","6","TR01","student_pass_acceptance","yes","ELIM","yes","","","student_pass_confirmed","student-pass acceptance is explicitly marked yes in the stored listing summary","https://bshostel.com/room/vip-room/"
"bsh-vip-room","VIP Room","Balestier Students' Hostel","https://bshostel.com/room/vip-room/","2026-05-31","Codex","hard_filter_reviewed","trust","6","TR02","landlord_or_agent_verifiability","yes","ELIM","yes","","","operator_verifiable","the listing sits on an approved or conditional direct operator/property page with a traceable host identity","https://bshostel.com/room/vip-room/"
"bsh-vip-room","VIP Room","Balestier Students' Hostel","https://bshostel.com/room/vip-room/","2026-05-31","Codex","hard_filter_reviewed","trust","6","TR03","proof_of_property_control","yes","ELIM","yes","","","property_control_plausible","the listing is on a direct operator-controlled property page, so proof of control should be obtainable","https://bshostel.com/room/vip-room/"
"bsh-vip-room","VIP Room","Balestier Students' Hostel","https://bshostel.com/room/vip-room/","2026-05-31","Codex","hard_filter_reviewed","trust","6","TR04","source_trust_level","yes","ELIM","yes","","","source_approved","source registry status is 'approved'","https://bshostel.com/room/vip-room/"
"bsh-single-room","Single Room","Balestier Students' Hostel","https://bshostel.com/ | https://www.legacy.bshostel.com/","2026-05-31","Codex","hard_filter_reviewed","lease_fit","1","LF01","availability_for_target_dates","yes","ELIM","tbd","","","availability_unverified","exact August 9, 2026 availability is not fully verified in the stored listing evidence","https://bshostel.com/ | https://www.legacy.bshostel.com/"
"bsh-single-room","Single Room","Balestier Students' Hostel","https://bshostel.com/ | https://www.legacy.bshostel.com/","2026-05-31","Codex","hard_filter_reviewed","cost","2","CO01","monthly_rent","yes","ELIM","yes","","","within_sgd_2000_cap","displayed monthly price is S$1500, which is within the SGD 2000 hard cap","https://bshostel.com/ | https://www.legacy.bshostel.com/"
"bsh-single-room","Single Room","Balestier Students' Hostel","https://bshostel.com/ | https://www.legacy.bshostel.com/","2026-05-31","Codex","hard_filter_reviewed","location","3","LC01","commute_time_to_smu","yes","ELIM","tbd","","","commute_unverified","no verified numeric commute value is stored for this listing","https://bshostel.com/ | https://www.legacy.bshostel.com/"
"bsh-single-room","Single Room","Balestier Students' Hostel","https://bshostel.com/ | https://www.legacy.bshostel.com/","2026-05-31","Codex","hard_filter_reviewed","living_arrangement","4","LA03","bed_size_for_two","yes","ELIM","no","","","bed_too_small","bed evidence is 'likely single bed; exact size unverified', which does not meet the bigger-than-single requirement","https://bshostel.com/ | https://www.legacy.bshostel.com/"
"bsh-single-room","Single Room","Balestier Students' Hostel","https://bshostel.com/ | https://www.legacy.bshostel.com/","2026-05-31","Codex","hard_filter_reviewed","unit_quality","5","UQ01","air_conditioning","yes","ELIM","yes","","","aircon_confirmed","stored listing evidence confirms air-conditioning in the room or apartment","https://bshostel.com/ | https://www.legacy.bshostel.com/"
"bsh-single-room","Single Room","Balestier Students' Hostel","https://bshostel.com/ | https://www.legacy.bshostel.com/","2026-05-31","Codex","hard_filter_reviewed","unit_quality","5","UQ02","desk_in_room","yes","ELIM","tbd","","","desk_unverified","desk/workspace evidence is incomplete in the stored listing notes","https://bshostel.com/ | https://www.legacy.bshostel.com/"
"bsh-single-room","Single Room","Balestier Students' Hostel","https://bshostel.com/ | https://www.legacy.bshostel.com/","2026-05-31","Codex","hard_filter_reviewed","unit_quality","5","UQ03","natural_light_and_window","yes","ELIM","tbd","","","window_daylight_unverified","window and natural-light evidence remains incomplete in the stored listing notes","https://bshostel.com/ | https://www.legacy.bshostel.com/"
"bsh-single-room","Single Room","Balestier Students' Hostel","https://bshostel.com/ | https://www.legacy.bshostel.com/","2026-05-31","Codex","hard_filter_reviewed","unit_quality","5","UQ04","laundry_access","yes","ELIM","yes","","","laundry_confirmed","stored listing evidence confirms laundry or washer/dryer access in the building or unit","https://bshostel.com/ | https://www.legacy.bshostel.com/"
"bsh-single-room","Single Room","Balestier Students' Hostel","https://bshostel.com/ | https://www.legacy.bshostel.com/","2026-05-31","Codex","hard_filter_reviewed","trust","6","TR01","student_pass_acceptance","yes","ELIM","yes","","","student_pass_confirmed","student-pass acceptance is explicitly marked yes in the stored listing summary","https://bshostel.com/ | https://www.legacy.bshostel.com/"
"bsh-single-room","Single Room","Balestier Students' Hostel","https://bshostel.com/ | https://www.legacy.bshostel.com/","2026-05-31","Codex","hard_filter_reviewed","trust","6","TR02","landlord_or_agent_verifiability","yes","ELIM","yes","","","operator_verifiable","the listing sits on an approved direct operator or property page with a traceable host identity","https://bshostel.com/ | https://www.legacy.bshostel.com/"
"bsh-single-room","Single Room","Balestier Students' Hostel","https://bshostel.com/ | https://www.legacy.bshostel.com/","2026-05-31","Codex","hard_filter_reviewed","trust","6","TR03","proof_of_property_control","yes","ELIM","yes","","","property_control_plausible","the listing is on a direct operator-controlled property page, so proof of control should be obtainable","https://bshostel.com/ | https://www.legacy.bshostel.com/"
"bsh-single-room","Single Room","Balestier Students' Hostel","https://bshostel.com/ | https://www.legacy.bshostel.com/","2026-05-31","Codex","hard_filter_reviewed","trust","6","TR04","source_trust_level","yes","ELIM","yes","","","source_approved","source registry status is 'approved'","https://bshostel.com/ | https://www.legacy.bshostel.com/"
"bsh-mini-single-room","Mini Single Room","Balestier Students' Hostel","https://www.legacy.bshostel.com/","2026-05-31","Codex","hard_filter_reviewed","lease_fit","1","LF01","availability_for_target_dates","yes","ELIM","tbd","","","availability_unverified","exact August 9, 2026 availability is not fully verified in the stored listing evidence","https://www.legacy.bshostel.com/"
"bsh-mini-single-room","Mini Single Room","Balestier Students' Hostel","https://www.legacy.bshostel.com/","2026-05-31","Codex","hard_filter_reviewed","cost","2","CO01","monthly_rent","yes","ELIM","tbd","","","price_or_currency_unresolved","no verified listing-level SGD monthly price is stored, so the SGD 2000 budget cap remains unresolved","https://www.legacy.bshostel.com/"
"bsh-mini-single-room","Mini Single Room","Balestier Students' Hostel","https://www.legacy.bshostel.com/","2026-05-31","Codex","hard_filter_reviewed","location","3","LC01","commute_time_to_smu","yes","ELIM","tbd","","","commute_unverified","no verified numeric commute value is stored for this listing","https://www.legacy.bshostel.com/"
"bsh-mini-single-room","Mini Single Room","Balestier Students' Hostel","https://www.legacy.bshostel.com/","2026-05-31","Codex","hard_filter_reviewed","living_arrangement","4","LA03","bed_size_for_two","yes","ELIM","tbd","","","bed_size_unverified","bed evidence is 'unknown', so fit for two people remains unresolved","https://www.legacy.bshostel.com/"
"bsh-mini-single-room","Mini Single Room","Balestier Students' Hostel","https://www.legacy.bshostel.com/","2026-05-31","Codex","hard_filter_reviewed","unit_quality","5","UQ01","air_conditioning","yes","ELIM","yes","","","aircon_confirmed","listing review confirms air-conditioning in the room or apartment","https://www.legacy.bshostel.com/"
"bsh-mini-single-room","Mini Single Room","Balestier Students' Hostel","https://www.legacy.bshostel.com/","2026-05-31","Codex","hard_filter_reviewed","unit_quality","5","UQ02","desk_in_room","yes","ELIM","tbd","","","desk_unverified","desk/workspace evidence is incomplete in the stored listing notes","https://www.legacy.bshostel.com/"
"bsh-mini-single-room","Mini Single Room","Balestier Students' Hostel","https://www.legacy.bshostel.com/","2026-05-31","Codex","hard_filter_reviewed","unit_quality","5","UQ03","natural_light_and_window","yes","ELIM","yes","","","window_daylight_confirmed","listing review records natural light quality as 'yes'","https://www.legacy.bshostel.com/"
"bsh-mini-single-room","Mini Single Room","Balestier Students' Hostel","https://www.legacy.bshostel.com/","2026-05-31","Codex","hard_filter_reviewed","unit_quality","5","UQ04","laundry_access","yes","ELIM","tbd","","","laundry_unverified","laundry access is not fully verified in the stored listing evidence","https://www.legacy.bshostel.com/"
"bsh-mini-single-room","Mini Single Room","Balestier Students' Hostel","https://www.legacy.bshostel.com/","2026-05-31","Codex","hard_filter_reviewed","trust","6","TR01","student_pass_acceptance","yes","ELIM","yes","","","student_pass_confirmed","student-pass acceptance is explicitly marked yes in the stored listing summary","https://www.legacy.bshostel.com/"
"bsh-mini-single-room","Mini Single Room","Balestier Students' Hostel","https://www.legacy.bshostel.com/","2026-05-31","Codex","hard_filter_reviewed","trust","6","TR02","landlord_or_agent_verifiability","yes","ELIM","yes","","","operator_verifiable","the listing sits on an approved or conditional direct operator/property page with a traceable host identity","https://www.legacy.bshostel.com/"
"bsh-mini-single-room","Mini Single Room","Balestier Students' Hostel","https://www.legacy.bshostel.com/","2026-05-31","Codex","hard_filter_reviewed","trust","6","TR03","proof_of_property_control","yes","ELIM","yes","","","property_control_plausible","the listing is on a direct operator-controlled property page, so proof of control should be obtainable","https://www.legacy.bshostel.com/"
"bsh-mini-single-room","Mini Single Room","Balestier Students' Hostel","https://www.legacy.bshostel.com/","2026-05-31","Codex","hard_filter_reviewed","trust","6","TR04","source_trust_level","yes","ELIM","yes","","","source_approved","source registry status is 'approved'","https://www.legacy.bshostel.com/"
"tap-veerasamy-single","Single","A Co-Living Hotel @ Veerasamy by The Assembly Place","https://www.theassemblyplace.com/properties/a-co-living-hotel-veerasamy/","2026-05-31","Codex","hard_filter_reviewed","lease_fit","1","LF01","availability_for_target_dates","yes","ELIM","tbd","","","availability_unverified","exact August 9, 2026 availability is not fully verified in the stored listing evidence","https://www.theassemblyplace.com/properties/a-co-living-hotel-veerasamy/"
"tap-veerasamy-single","Single","A Co-Living Hotel @ Veerasamy by The Assembly Place","https://www.theassemblyplace.com/properties/a-co-living-hotel-veerasamy/","2026-05-31","Codex","hard_filter_reviewed","cost","2","CO01","monthly_rent","yes","ELIM","yes","","","within_sgd_2000_cap","displayed monthly price is S$1870, which is within the SGD 2000 hard cap","https://www.theassemblyplace.com/properties/a-co-living-hotel-veerasamy/"
"tap-veerasamy-single","Single","A Co-Living Hotel @ Veerasamy by The Assembly Place","https://www.theassemblyplace.com/properties/a-co-living-hotel-veerasamy/","2026-05-31","Codex","hard_filter_reviewed","location","3","LC01","commute_time_to_smu","yes","ELIM","tbd","","","commute_unverified","no verified numeric commute value is stored for this listing","https://www.theassemblyplace.com/properties/a-co-living-hotel-veerasamy/"
"tap-veerasamy-single","Single","A Co-Living Hotel @ Veerasamy by The Assembly Place","https://www.theassemblyplace.com/properties/a-co-living-hotel-veerasamy/","2026-05-31","Codex","hard_filter_reviewed","living_arrangement","4","LA03","bed_size_for_two","yes","ELIM","no","","","bed_too_small","bed evidence is 'Single Bed', which does not meet the bigger-than-single requirement","https://www.theassemblyplace.com/properties/a-co-living-hotel-veerasamy/"
"tap-veerasamy-single","Single","A Co-Living Hotel @ Veerasamy by The Assembly Place","https://www.theassemblyplace.com/properties/a-co-living-hotel-veerasamy/","2026-05-31","Codex","hard_filter_reviewed","unit_quality","5","UQ01","air_conditioning","yes","ELIM","yes","","","aircon_confirmed","stored listing evidence confirms air-conditioning in the room or apartment","https://www.theassemblyplace.com/properties/a-co-living-hotel-veerasamy/"
"tap-veerasamy-single","Single","A Co-Living Hotel @ Veerasamy by The Assembly Place","https://www.theassemblyplace.com/properties/a-co-living-hotel-veerasamy/","2026-05-31","Codex","hard_filter_reviewed","unit_quality","5","UQ02","desk_in_room","yes","ELIM","yes","","","desk_confirmed","stored listing evidence confirms a desk or study table in the room","https://www.theassemblyplace.com/properties/a-co-living-hotel-veerasamy/"
"tap-veerasamy-single","Single","A Co-Living Hotel @ Veerasamy by The Assembly Place","https://www.theassemblyplace.com/properties/a-co-living-hotel-veerasamy/","2026-05-31","Codex","hard_filter_reviewed","unit_quality","5","UQ03","natural_light_and_window","yes","ELIM","tbd","","","window_daylight_unverified","window and natural-light evidence remains incomplete in the stored listing notes","https://www.theassemblyplace.com/properties/a-co-living-hotel-veerasamy/"
"tap-veerasamy-single","Single","A Co-Living Hotel @ Veerasamy by The Assembly Place","https://www.theassemblyplace.com/properties/a-co-living-hotel-veerasamy/","2026-05-31","Codex","hard_filter_reviewed","unit_quality","5","UQ04","laundry_access","yes","ELIM","yes","","","laundry_confirmed","stored listing evidence confirms laundry or washer/dryer access in the building or unit","https://www.theassemblyplace.com/properties/a-co-living-hotel-veerasamy/"
"tap-veerasamy-single","Single","A Co-Living Hotel @ Veerasamy by The Assembly Place","https://www.theassemblyplace.com/properties/a-co-living-hotel-veerasamy/","2026-05-31","Codex","hard_filter_reviewed","trust","6","TR01","student_pass_acceptance","yes","ELIM","yes","","","student_pass_confirmed","student-pass acceptance is explicitly marked yes in the stored listing summary","https://www.theassemblyplace.com/properties/a-co-living-hotel-veerasamy/"
"tap-veerasamy-single","Single","A Co-Living Hotel @ Veerasamy by The Assembly Place","https://www.theassemblyplace.com/properties/a-co-living-hotel-veerasamy/","2026-05-31","Codex","hard_filter_reviewed","trust","6","TR02","landlord_or_agent_verifiability","yes","ELIM","yes","","","operator_verifiable","the listing sits on an approved direct operator or property page with a traceable host identity","https://www.theassemblyplace.com/properties/a-co-living-hotel-veerasamy/"
"tap-veerasamy-single","Single","A Co-Living Hotel @ Veerasamy by The Assembly Place","https://www.theassemblyplace.com/properties/a-co-living-hotel-veerasamy/","2026-05-31","Codex","hard_filter_reviewed","trust","6","TR03","proof_of_property_control","yes","ELIM","yes","","","property_control_plausible","the listing is on a direct operator-controlled property page, so proof of control should be obtainable","https://www.theassemblyplace.com/properties/a-co-living-hotel-veerasamy/"
"tap-veerasamy-single","Single","A Co-Living Hotel @ Veerasamy by The Assembly Place","https://www.theassemblyplace.com/properties/a-co-living-hotel-veerasamy/","2026-05-31","Codex","hard_filter_reviewed","trust","6","TR04","source_trust_level","yes","ELIM","yes","","","source_approved","source registry status is 'approved'","https://www.theassemblyplace.com/properties/a-co-living-hotel-veerasamy/"
"tap-veerasamy-queen-windowless","Queen - Windowless","A Co-Living Hotel @ Veerasamy by The Assembly Place","https://www.theassemblyplace.com/properties/a-co-living-hotel-veerasamy/","2026-05-31","Codex","hard_filter_reviewed","lease_fit","1","LF01","availability_for_target_dates","yes","ELIM","tbd","","","availability_unverified","exact August 9, 2026 availability is not fully verified in the stored listing evidence","https://www.theassemblyplace.com/properties/a-co-living-hotel-veerasamy/"
"tap-veerasamy-queen-windowless","Queen - Windowless","A Co-Living Hotel @ Veerasamy by The Assembly Place","https://www.theassemblyplace.com/properties/a-co-living-hotel-veerasamy/","2026-05-31","Codex","hard_filter_reviewed","cost","2","CO01","monthly_rent","yes","ELIM","no","","","above_sgd_2000_cap","displayed monthly price is S$2420, which exceeds the SGD 2000 hard cap","https://www.theassemblyplace.com/properties/a-co-living-hotel-veerasamy/"
"tap-veerasamy-queen-windowless","Queen - Windowless","A Co-Living Hotel @ Veerasamy by The Assembly Place","https://www.theassemblyplace.com/properties/a-co-living-hotel-veerasamy/","2026-05-31","Codex","hard_filter_reviewed","location","3","LC01","commute_time_to_smu","yes","ELIM","tbd","","","commute_unverified","no verified numeric commute value is stored for this listing","https://www.theassemblyplace.com/properties/a-co-living-hotel-veerasamy/"
"tap-veerasamy-queen-windowless","Queen - Windowless","A Co-Living Hotel @ Veerasamy by The Assembly Place","https://www.theassemblyplace.com/properties/a-co-living-hotel-veerasamy/","2026-05-31","Codex","hard_filter_reviewed","living_arrangement","4","LA03","bed_size_for_two","yes","ELIM","yes","","","bed_large_enough","bed evidence is 'Queen Bed', which meets the bigger-than-single requirement","https://www.theassemblyplace.com/properties/a-co-living-hotel-veerasamy/"
"tap-veerasamy-queen-windowless","Queen - Windowless","A Co-Living Hotel @ Veerasamy by The Assembly Place","https://www.theassemblyplace.com/properties/a-co-living-hotel-veerasamy/","2026-05-31","Codex","hard_filter_reviewed","unit_quality","5","UQ01","air_conditioning","yes","ELIM","yes","","","aircon_confirmed","stored listing evidence confirms air-conditioning in the room or apartment","https://www.theassemblyplace.com/properties/a-co-living-hotel-veerasamy/"
"tap-veerasamy-queen-windowless","Queen - Windowless","A Co-Living Hotel @ Veerasamy by The Assembly Place","https://www.theassemblyplace.com/properties/a-co-living-hotel-veerasamy/","2026-05-31","Codex","hard_filter_reviewed","unit_quality","5","UQ02","desk_in_room","yes","ELIM","yes","","","desk_confirmed","stored listing evidence confirms a desk or study table in the room","https://www.theassemblyplace.com/properties/a-co-living-hotel-veerasamy/"
"tap-veerasamy-queen-windowless","Queen - Windowless","A Co-Living Hotel @ Veerasamy by The Assembly Place","https://www.theassemblyplace.com/properties/a-co-living-hotel-veerasamy/","2026-05-31","Codex","hard_filter_reviewed","unit_quality","5","UQ03","natural_light_and_window","yes","ELIM","tbd","","","window_daylight_unverified","window and natural-light evidence remains incomplete in the stored listing notes","https://www.theassemblyplace.com/properties/a-co-living-hotel-veerasamy/"
"tap-veerasamy-queen-windowless","Queen - Windowless","A Co-Living Hotel @ Veerasamy by The Assembly Place","https://www.theassemblyplace.com/properties/a-co-living-hotel-veerasamy/","2026-05-31","Codex","hard_filter_reviewed","unit_quality","5","UQ04","laundry_access","yes","ELIM","yes","","","laundry_confirmed","stored listing evidence confirms laundry or washer/dryer access in the building or unit","https://www.theassemblyplace.com/properties/a-co-living-hotel-veerasamy/"
"tap-veerasamy-queen-windowless","Queen - Windowless","A Co-Living Hotel @ Veerasamy by The Assembly Place","https://www.theassemblyplace.com/properties/a-co-living-hotel-veerasamy/","2026-05-31","Codex","hard_filter_reviewed","trust","6","TR01","student_pass_acceptance","yes","ELIM","yes","","","student_pass_confirmed","student-pass acceptance is explicitly marked yes in the stored listing summary","https://www.theassemblyplace.com/properties/a-co-living-hotel-veerasamy/"
"tap-veerasamy-queen-windowless","Queen - Windowless","A Co-Living Hotel @ Veerasamy by The Assembly Place","https://www.theassemblyplace.com/properties/a-co-living-hotel-veerasamy/","2026-05-31","Codex","hard_filter_reviewed","trust","6","TR02","landlord_or_agent_verifiability","yes","ELIM","yes","","","operator_verifiable","the listing sits on an approved direct operator or property page with a traceable host identity","https://www.theassemblyplace.com/properties/a-co-living-hotel-veerasamy/"
"tap-veerasamy-queen-windowless","Queen - Windowless","A Co-Living Hotel @ Veerasamy by The Assembly Place","https://www.theassemblyplace.com/properties/a-co-living-hotel-veerasamy/","2026-05-31","Codex","hard_filter_reviewed","trust","6","TR03","proof_of_property_control","yes","ELIM","yes","","","property_control_plausible","the listing is on a direct operator-controlled property page, so proof of control should be obtainable","https://www.theassemblyplace.com/properties/a-co-living-hotel-veerasamy/"
"tap-veerasamy-queen-windowless","Queen - Windowless","A Co-Living Hotel @ Veerasamy by The Assembly Place","https://www.theassemblyplace.com/properties/a-co-living-hotel-veerasamy/","2026-05-31","Codex","hard_filter_reviewed","trust","6","TR04","source_trust_level","yes","ELIM","yes","","","source_approved","source registry status is 'approved'","https://www.theassemblyplace.com/properties/a-co-living-hotel-veerasamy/"
"tap-veerasamy-queen-deluxe","Queen Deluxe","A Co-Living Hotel @ Veerasamy by The Assembly Place","https://www.theassemblyplace.com/properties/a-co-living-hotel-veerasamy/","2026-05-31","Codex","hard_filter_reviewed","lease_fit","1","LF01","availability_for_target_dates","yes","ELIM","tbd","","","availability_unverified","exact August 9, 2026 availability is not fully verified in the stored listing evidence","https://www.theassemblyplace.com/properties/a-co-living-hotel-veerasamy/"
"tap-veerasamy-queen-deluxe","Queen Deluxe","A Co-Living Hotel @ Veerasamy by The Assembly Place","https://www.theassemblyplace.com/properties/a-co-living-hotel-veerasamy/","2026-05-31","Codex","hard_filter_reviewed","cost","2","CO01","monthly_rent","yes","ELIM","no","","","above_sgd_2000_cap","displayed monthly price is S$2750, which exceeds the SGD 2000 hard cap","https://www.theassemblyplace.com/properties/a-co-living-hotel-veerasamy/"
"tap-veerasamy-queen-deluxe","Queen Deluxe","A Co-Living Hotel @ Veerasamy by The Assembly Place","https://www.theassemblyplace.com/properties/a-co-living-hotel-veerasamy/","2026-05-31","Codex","hard_filter_reviewed","location","3","LC01","commute_time_to_smu","yes","ELIM","tbd","","","commute_unverified","no verified numeric commute value is stored for this listing","https://www.theassemblyplace.com/properties/a-co-living-hotel-veerasamy/"
"tap-veerasamy-queen-deluxe","Queen Deluxe","A Co-Living Hotel @ Veerasamy by The Assembly Place","https://www.theassemblyplace.com/properties/a-co-living-hotel-veerasamy/","2026-05-31","Codex","hard_filter_reviewed","living_arrangement","4","LA03","bed_size_for_two","yes","ELIM","yes","","","bed_large_enough","bed evidence is 'Queen Bed', which meets the bigger-than-single requirement","https://www.theassemblyplace.com/properties/a-co-living-hotel-veerasamy/"
"tap-veerasamy-queen-deluxe","Queen Deluxe","A Co-Living Hotel @ Veerasamy by The Assembly Place","https://www.theassemblyplace.com/properties/a-co-living-hotel-veerasamy/","2026-05-31","Codex","hard_filter_reviewed","unit_quality","5","UQ01","air_conditioning","yes","ELIM","yes","","","aircon_confirmed","stored listing evidence confirms air-conditioning in the room or apartment","https://www.theassemblyplace.com/properties/a-co-living-hotel-veerasamy/"
"tap-veerasamy-queen-deluxe","Queen Deluxe","A Co-Living Hotel @ Veerasamy by The Assembly Place","https://www.theassemblyplace.com/properties/a-co-living-hotel-veerasamy/","2026-05-31","Codex","hard_filter_reviewed","unit_quality","5","UQ02","desk_in_room","yes","ELIM","yes","","","desk_confirmed","stored listing evidence confirms a desk or study table in the room","https://www.theassemblyplace.com/properties/a-co-living-hotel-veerasamy/"
"tap-veerasamy-queen-deluxe","Queen Deluxe","A Co-Living Hotel @ Veerasamy by The Assembly Place","https://www.theassemblyplace.com/properties/a-co-living-hotel-veerasamy/","2026-05-31","Codex","hard_filter_reviewed","unit_quality","5","UQ03","natural_light_and_window","yes","ELIM","tbd","","","window_daylight_unverified","window and natural-light evidence remains incomplete in the stored listing notes","https://www.theassemblyplace.com/properties/a-co-living-hotel-veerasamy/"
"tap-veerasamy-queen-deluxe","Queen Deluxe","A Co-Living Hotel @ Veerasamy by The Assembly Place","https://www.theassemblyplace.com/properties/a-co-living-hotel-veerasamy/","2026-05-31","Codex","hard_filter_reviewed","unit_quality","5","UQ04","laundry_access","yes","ELIM","yes","","","laundry_confirmed","stored listing evidence confirms laundry or washer/dryer access in the building or unit","https://www.theassemblyplace.com/properties/a-co-living-hotel-veerasamy/"
"tap-veerasamy-queen-deluxe","Queen Deluxe","A Co-Living Hotel @ Veerasamy by The Assembly Place","https://www.theassemblyplace.com/properties/a-co-living-hotel-veerasamy/","2026-05-31","Codex","hard_filter_reviewed","trust","6","TR01","student_pass_acceptance","yes","ELIM","yes","","","student_pass_confirmed","student-pass acceptance is explicitly marked yes in the stored listing summary","https://www.theassemblyplace.com/properties/a-co-living-hotel-veerasamy/"
"tap-veerasamy-queen-deluxe","Queen Deluxe","A Co-Living Hotel @ Veerasamy by The Assembly Place","https://www.theassemblyplace.com/properties/a-co-living-hotel-veerasamy/","2026-05-31","Codex","hard_filter_reviewed","trust","6","TR02","landlord_or_agent_verifiability","yes","ELIM","yes","","","operator_verifiable","the listing sits on an approved direct operator or property page with a traceable host identity","https://www.theassemblyplace.com/properties/a-co-living-hotel-veerasamy/"
"tap-veerasamy-queen-deluxe","Queen Deluxe","A Co-Living Hotel @ Veerasamy by The Assembly Place","https://www.theassemblyplace.com/properties/a-co-living-hotel-veerasamy/","2026-05-31","Codex","hard_filter_reviewed","trust","6","TR03","proof_of_property_control","yes","ELIM","yes","","","property_control_plausible","the listing is on a direct operator-controlled property page, so proof of control should be obtainable","https://www.theassemblyplace.com/properties/a-co-living-hotel-veerasamy/"
"tap-veerasamy-queen-deluxe","Queen Deluxe","A Co-Living Hotel @ Veerasamy by The Assembly Place","https://www.theassemblyplace.com/properties/a-co-living-hotel-veerasamy/","2026-05-31","Codex","hard_filter_reviewed","trust","6","TR04","source_trust_level","yes","ELIM","yes","","","source_approved","source registry status is 'approved'","https://www.theassemblyplace.com/properties/a-co-living-hotel-veerasamy/"
"sophia-view-tap-lite","TAP Lite","Sophia View by The Assembly Place","https://www.theassemblyplace.com/properties/sophia-view/","2026-05-31","Codex","hard_filter_reviewed","lease_fit","1","LF01","availability_for_target_dates","yes","ELIM","yes","","","availability_before_target","availability_start is 2026-06-07, which is on or before August 9, 2026","https://www.theassemblyplace.com/properties/sophia-view/"
"sophia-view-tap-lite","TAP Lite","Sophia View by The Assembly Place","https://www.theassemblyplace.com/properties/sophia-view/","2026-05-31","Codex","hard_filter_reviewed","cost","2","CO01","monthly_rent","yes","ELIM","yes","","","within_sgd_2000_cap","displayed monthly price is S$1950, which is within the SGD 2000 hard cap","https://www.theassemblyplace.com/properties/sophia-view/"
"sophia-view-tap-lite","TAP Lite","Sophia View by The Assembly Place","https://www.theassemblyplace.com/properties/sophia-view/","2026-05-31","Codex","hard_filter_reviewed","location","3","LC01","commute_time_to_smu","yes","ELIM","tbd","","","commute_unverified","no verified numeric commute value is stored for this listing","https://www.theassemblyplace.com/properties/sophia-view/"
"sophia-view-tap-lite","TAP Lite","Sophia View by The Assembly Place","https://www.theassemblyplace.com/properties/sophia-view/","2026-05-31","Codex","hard_filter_reviewed","living_arrangement","4","LA03","bed_size_for_two","yes","ELIM","yes","","","bed_large_enough","bed evidence is 'Queen Bed', which meets the bigger-than-single requirement","https://www.theassemblyplace.com/properties/sophia-view/"
"sophia-view-tap-lite","TAP Lite","Sophia View by The Assembly Place","https://www.theassemblyplace.com/properties/sophia-view/","2026-05-31","Codex","hard_filter_reviewed","unit_quality","5","UQ01","air_conditioning","yes","ELIM","yes","","","aircon_confirmed","listing review confirms air-conditioning in the room or apartment","https://www.theassemblyplace.com/properties/sophia-view/"
"sophia-view-tap-lite","TAP Lite","Sophia View by The Assembly Place","https://www.theassemblyplace.com/properties/sophia-view/","2026-05-31","Codex","hard_filter_reviewed","unit_quality","5","UQ02","desk_in_room","yes","ELIM","yes","","","desk_confirmed","listing review confirms a desk or study table in the room","https://www.theassemblyplace.com/properties/sophia-view/"
"sophia-view-tap-lite","TAP Lite","Sophia View by The Assembly Place","https://www.theassemblyplace.com/properties/sophia-view/","2026-05-31","Codex","hard_filter_reviewed","unit_quality","5","UQ03","natural_light_and_window","yes","ELIM","yes","","","window_daylight_confirmed","listing review records natural light quality as 'yes'","https://www.theassemblyplace.com/properties/sophia-view/"
"sophia-view-tap-lite","TAP Lite","Sophia View by The Assembly Place","https://www.theassemblyplace.com/properties/sophia-view/","2026-05-31","Codex","hard_filter_reviewed","unit_quality","5","UQ04","laundry_access","yes","ELIM","yes","","","laundry_confirmed","listing review confirms laundry or washer/dryer access in the building or unit","https://www.theassemblyplace.com/properties/sophia-view/"
"sophia-view-tap-lite","TAP Lite","Sophia View by The Assembly Place","https://www.theassemblyplace.com/properties/sophia-view/","2026-05-31","Codex","hard_filter_reviewed","trust","6","TR01","student_pass_acceptance","yes","ELIM","yes","","","student_pass_confirmed","student-pass acceptance is explicitly marked yes in the stored listing summary","https://www.theassemblyplace.com/properties/sophia-view/"
"sophia-view-tap-lite","TAP Lite","Sophia View by The Assembly Place","https://www.theassemblyplace.com/properties/sophia-view/","2026-05-31","Codex","hard_filter_reviewed","trust","6","TR02","landlord_or_agent_verifiability","yes","ELIM","yes","","","operator_verifiable","the listing sits on an approved or conditional direct operator/property page with a traceable host identity","https://www.theassemblyplace.com/properties/sophia-view/"
"sophia-view-tap-lite","TAP Lite","Sophia View by The Assembly Place","https://www.theassemblyplace.com/properties/sophia-view/","2026-05-31","Codex","hard_filter_reviewed","trust","6","TR03","proof_of_property_control","yes","ELIM","yes","","","property_control_plausible","the listing is on a direct operator-controlled property page, so proof of control should be obtainable","https://www.theassemblyplace.com/properties/sophia-view/"
"sophia-view-tap-lite","TAP Lite","Sophia View by The Assembly Place","https://www.theassemblyplace.com/properties/sophia-view/","2026-05-31","Codex","hard_filter_reviewed","trust","6","TR04","source_trust_level","yes","ELIM","yes","","","source_approved","source registry status is 'approved'","https://www.theassemblyplace.com/properties/sophia-view/"
"sophia-view-tap-luxe","TAP Luxe","Sophia View by The Assembly Place","https://www.theassemblyplace.com/properties/sophia-view/","2026-05-31","Codex","hard_filter_reviewed","lease_fit","1","LF01","availability_for_target_dates","yes","ELIM","tbd","","","availability_unverified","exact August 9, 2026 availability is not fully verified in the stored listing evidence","https://www.theassemblyplace.com/properties/sophia-view/"
"sophia-view-tap-luxe","TAP Luxe","Sophia View by The Assembly Place","https://www.theassemblyplace.com/properties/sophia-view/","2026-05-31","Codex","hard_filter_reviewed","cost","2","CO01","monthly_rent","yes","ELIM","no","","","above_sgd_2000_cap","displayed monthly price is S$2450, which exceeds the SGD 2000 hard cap","https://www.theassemblyplace.com/properties/sophia-view/"
"sophia-view-tap-luxe","TAP Luxe","Sophia View by The Assembly Place","https://www.theassemblyplace.com/properties/sophia-view/","2026-05-31","Codex","hard_filter_reviewed","location","3","LC01","commute_time_to_smu","yes","ELIM","tbd","","","commute_unverified","no verified numeric commute value is stored for this listing","https://www.theassemblyplace.com/properties/sophia-view/"
"sophia-view-tap-luxe","TAP Luxe","Sophia View by The Assembly Place","https://www.theassemblyplace.com/properties/sophia-view/","2026-05-31","Codex","hard_filter_reviewed","living_arrangement","4","LA03","bed_size_for_two","yes","ELIM","yes","","","bed_large_enough","bed evidence is 'Queen Bed', which meets the bigger-than-single requirement","https://www.theassemblyplace.com/properties/sophia-view/"
"sophia-view-tap-luxe","TAP Luxe","Sophia View by The Assembly Place","https://www.theassemblyplace.com/properties/sophia-view/","2026-05-31","Codex","hard_filter_reviewed","unit_quality","5","UQ01","air_conditioning","yes","ELIM","yes","","","aircon_confirmed","stored listing evidence confirms air-conditioning in the room or apartment","https://www.theassemblyplace.com/properties/sophia-view/"
"sophia-view-tap-luxe","TAP Luxe","Sophia View by The Assembly Place","https://www.theassemblyplace.com/properties/sophia-view/","2026-05-31","Codex","hard_filter_reviewed","unit_quality","5","UQ02","desk_in_room","yes","ELIM","yes","","","desk_confirmed","stored listing evidence confirms a desk or study table in the room","https://www.theassemblyplace.com/properties/sophia-view/"
"sophia-view-tap-luxe","TAP Luxe","Sophia View by The Assembly Place","https://www.theassemblyplace.com/properties/sophia-view/","2026-05-31","Codex","hard_filter_reviewed","unit_quality","5","UQ03","natural_light_and_window","yes","ELIM","tbd","","","window_daylight_unverified","window and natural-light evidence remains incomplete in the stored listing notes","https://www.theassemblyplace.com/properties/sophia-view/"
"sophia-view-tap-luxe","TAP Luxe","Sophia View by The Assembly Place","https://www.theassemblyplace.com/properties/sophia-view/","2026-05-31","Codex","hard_filter_reviewed","unit_quality","5","UQ04","laundry_access","yes","ELIM","yes","","","laundry_confirmed","stored listing evidence confirms laundry or washer/dryer access in the building or unit","https://www.theassemblyplace.com/properties/sophia-view/"
"sophia-view-tap-luxe","TAP Luxe","Sophia View by The Assembly Place","https://www.theassemblyplace.com/properties/sophia-view/","2026-05-31","Codex","hard_filter_reviewed","trust","6","TR01","student_pass_acceptance","yes","ELIM","yes","","","student_pass_confirmed","student-pass acceptance is explicitly marked yes in the stored listing summary","https://www.theassemblyplace.com/properties/sophia-view/"
"sophia-view-tap-luxe","TAP Luxe","Sophia View by The Assembly Place","https://www.theassemblyplace.com/properties/sophia-view/","2026-05-31","Codex","hard_filter_reviewed","trust","6","TR02","landlord_or_agent_verifiability","yes","ELIM","yes","","","operator_verifiable","the listing sits on an approved direct operator or property page with a traceable host identity","https://www.theassemblyplace.com/properties/sophia-view/"
"sophia-view-tap-luxe","TAP Luxe","Sophia View by The Assembly Place","https://www.theassemblyplace.com/properties/sophia-view/","2026-05-31","Codex","hard_filter_reviewed","trust","6","TR03","proof_of_property_control","yes","ELIM","yes","","","property_control_plausible","the listing is on a direct operator-controlled property page, so proof of control should be obtainable","https://www.theassemblyplace.com/properties/sophia-view/"
"sophia-view-tap-luxe","TAP Luxe","Sophia View by The Assembly Place","https://www.theassemblyplace.com/properties/sophia-view/","2026-05-31","Codex","hard_filter_reviewed","trust","6","TR04","source_trust_level","yes","ELIM","yes","","","source_approved","source registry status is 'approved'","https://www.theassemblyplace.com/properties/sophia-view/"
"wilkie-60-tap-luxe","TAP Luxe","60 Wilkie","https://www.theassemblyplace.com/properties/60-wilkie/","2026-05-31","Codex","hard_filter_reviewed","lease_fit","1","LF01","availability_for_target_dates","yes","ELIM","tbd","","","availability_unverified","exact August 9, 2026 availability is not fully verified in the stored listing evidence","https://www.theassemblyplace.com/properties/60-wilkie/"
"wilkie-60-tap-luxe","TAP Luxe","60 Wilkie","https://www.theassemblyplace.com/properties/60-wilkie/","2026-05-31","Codex","hard_filter_reviewed","cost","2","CO01","monthly_rent","yes","ELIM","no","","","above_sgd_2000_cap","displayed monthly price is S$2200, which exceeds the SGD 2000 hard cap","https://www.theassemblyplace.com/properties/60-wilkie/"
"wilkie-60-tap-luxe","TAP Luxe","60 Wilkie","https://www.theassemblyplace.com/properties/60-wilkie/","2026-05-31","Codex","hard_filter_reviewed","location","3","LC01","commute_time_to_smu","yes","ELIM","tbd","","","commute_unverified","no verified numeric commute value is stored for this listing","https://www.theassemblyplace.com/properties/60-wilkie/"
"wilkie-60-tap-luxe","TAP Luxe","60 Wilkie","https://www.theassemblyplace.com/properties/60-wilkie/","2026-05-31","Codex","hard_filter_reviewed","living_arrangement","4","LA03","bed_size_for_two","yes","ELIM","yes","","","bed_large_enough","bed evidence is 'Queen Bed', which meets the bigger-than-single requirement","https://www.theassemblyplace.com/properties/60-wilkie/"
"wilkie-60-tap-luxe","TAP Luxe","60 Wilkie","https://www.theassemblyplace.com/properties/60-wilkie/","2026-05-31","Codex","hard_filter_reviewed","unit_quality","5","UQ01","air_conditioning","yes","ELIM","yes","","","aircon_confirmed","stored listing evidence confirms air-conditioning in the room or apartment","https://www.theassemblyplace.com/properties/60-wilkie/"
"wilkie-60-tap-luxe","TAP Luxe","60 Wilkie","https://www.theassemblyplace.com/properties/60-wilkie/","2026-05-31","Codex","hard_filter_reviewed","unit_quality","5","UQ02","desk_in_room","yes","ELIM","yes","","","desk_confirmed","stored listing evidence confirms a desk or study table in the room","https://www.theassemblyplace.com/properties/60-wilkie/"
"wilkie-60-tap-luxe","TAP Luxe","60 Wilkie","https://www.theassemblyplace.com/properties/60-wilkie/","2026-05-31","Codex","hard_filter_reviewed","unit_quality","5","UQ03","natural_light_and_window","yes","ELIM","tbd","","","window_daylight_unverified","window and natural-light evidence remains incomplete in the stored listing notes","https://www.theassemblyplace.com/properties/60-wilkie/"
"wilkie-60-tap-luxe","TAP Luxe","60 Wilkie","https://www.theassemblyplace.com/properties/60-wilkie/","2026-05-31","Codex","hard_filter_reviewed","unit_quality","5","UQ04","laundry_access","yes","ELIM","yes","","","laundry_confirmed","stored listing evidence confirms laundry or washer/dryer access in the building or unit","https://www.theassemblyplace.com/properties/60-wilkie/"
"wilkie-60-tap-luxe","TAP Luxe","60 Wilkie","https://www.theassemblyplace.com/properties/60-wilkie/","2026-05-31","Codex","hard_filter_reviewed","trust","6","TR01","student_pass_acceptance","yes","ELIM","yes","","","student_pass_confirmed","student-pass acceptance is explicitly marked yes in the stored listing summary","https://www.theassemblyplace.com/properties/60-wilkie/"
"wilkie-60-tap-luxe","TAP Luxe","60 Wilkie","https://www.theassemblyplace.com/properties/60-wilkie/","2026-05-31","Codex","hard_filter_reviewed","trust","6","TR02","landlord_or_agent_verifiability","yes","ELIM","yes","","","operator_verifiable","the listing sits on an approved direct operator or property page with a traceable host identity","https://www.theassemblyplace.com/properties/60-wilkie/"
"wilkie-60-tap-luxe","TAP Luxe","60 Wilkie","https://www.theassemblyplace.com/properties/60-wilkie/","2026-05-31","Codex","hard_filter_reviewed","trust","6","TR03","proof_of_property_control","yes","ELIM","yes","","","property_control_plausible","the listing is on a direct operator-controlled property page, so proof of control should be obtainable","https://www.theassemblyplace.com/properties/60-wilkie/"
"wilkie-60-tap-luxe","TAP Luxe","60 Wilkie","https://www.theassemblyplace.com/properties/60-wilkie/","2026-05-31","Codex","hard_filter_reviewed","trust","6","TR04","source_trust_level","yes","ELIM","yes","","","source_approved","source registry status is 'approved'","https://www.theassemblyplace.com/properties/60-wilkie/"
"keystone-farrer-compact","Compact","Keystone Farrer Park by Homestead","https://www.thekeystone.sg/farrerpark","2026-05-31","Codex","hard_filter_reviewed","lease_fit","1","LF01","availability_for_target_dates","yes","ELIM","tbd","","","availability_unverified","exact August 9, 2026 availability is not fully verified in the stored listing evidence","https://www.thekeystone.sg/farrerpark"
"keystone-farrer-compact","Compact","Keystone Farrer Park by Homestead","https://www.thekeystone.sg/farrerpark","2026-05-31","Codex","hard_filter_reviewed","cost","2","CO01","monthly_rent","yes","ELIM","yes","","","within_sgd_2000_cap","displayed monthly price is S$1705, which is within the SGD 2000 hard cap","https://www.thekeystone.sg/farrerpark"
"keystone-farrer-compact","Compact","Keystone Farrer Park by Homestead","https://www.thekeystone.sg/farrerpark","2026-05-31","Codex","hard_filter_reviewed","location","3","LC01","commute_time_to_smu","yes","ELIM","tbd","","","commute_unverified","no verified numeric commute value is stored for this listing","https://www.thekeystone.sg/farrerpark"
"keystone-farrer-compact","Compact","Keystone Farrer Park by Homestead","https://www.thekeystone.sg/farrerpark","2026-05-31","Codex","hard_filter_reviewed","living_arrangement","4","LA03","bed_size_for_two","yes","ELIM","yes","","","bed_large_enough","bed evidence is 'Queen Bed', which meets the bigger-than-single requirement","https://www.thekeystone.sg/farrerpark"
"keystone-farrer-compact","Compact","Keystone Farrer Park by Homestead","https://www.thekeystone.sg/farrerpark","2026-05-31","Codex","hard_filter_reviewed","unit_quality","5","UQ01","air_conditioning","yes","ELIM","yes","","","aircon_confirmed","listing review confirms air-conditioning in the room or apartment","https://www.thekeystone.sg/farrerpark"
"keystone-farrer-compact","Compact","Keystone Farrer Park by Homestead","https://www.thekeystone.sg/farrerpark","2026-05-31","Codex","hard_filter_reviewed","unit_quality","5","UQ02","desk_in_room","yes","ELIM","yes","","","desk_confirmed","listing review confirms a desk or study table in the room","https://www.thekeystone.sg/farrerpark"
"keystone-farrer-compact","Compact","Keystone Farrer Park by Homestead","https://www.thekeystone.sg/farrerpark","2026-05-31","Codex","hard_filter_reviewed","unit_quality","5","UQ03","natural_light_and_window","yes","ELIM","yes","","","window_daylight_confirmed","listing review records natural light quality as 'yes'","https://www.thekeystone.sg/farrerpark"
"keystone-farrer-compact","Compact","Keystone Farrer Park by Homestead","https://www.thekeystone.sg/farrerpark","2026-05-31","Codex","hard_filter_reviewed","unit_quality","5","UQ04","laundry_access","yes","ELIM","yes","","","laundry_confirmed","listing review confirms laundry or washer/dryer access in the building or unit","https://www.thekeystone.sg/farrerpark"
"keystone-farrer-compact","Compact","Keystone Farrer Park by Homestead","https://www.thekeystone.sg/farrerpark","2026-05-31","Codex","hard_filter_reviewed","trust","6","TR01","student_pass_acceptance","yes","ELIM","yes","","","student_pass_confirmed","student-pass acceptance is explicitly marked yes in the stored listing summary","https://www.thekeystone.sg/farrerpark"
"keystone-farrer-compact","Compact","Keystone Farrer Park by Homestead","https://www.thekeystone.sg/farrerpark","2026-05-31","Codex","hard_filter_reviewed","trust","6","TR02","landlord_or_agent_verifiability","yes","ELIM","yes","","","operator_verifiable","the listing sits on an approved or conditional direct operator/property page with a traceable host identity","https://www.thekeystone.sg/farrerpark"
"keystone-farrer-compact","Compact","Keystone Farrer Park by Homestead","https://www.thekeystone.sg/farrerpark","2026-05-31","Codex","hard_filter_reviewed","trust","6","TR03","proof_of_property_control","yes","ELIM","yes","","","property_control_plausible","the listing is on a direct operator-controlled property page, so proof of control should be obtainable","https://www.thekeystone.sg/farrerpark"
"keystone-farrer-compact","Compact","Keystone Farrer Park by Homestead","https://www.thekeystone.sg/farrerpark","2026-05-31","Codex","hard_filter_reviewed","trust","6","TR04","source_trust_level","yes","ELIM","yes","","","source_approved","source registry status is 'approved'","https://www.thekeystone.sg/farrerpark"
"keystone-farrer-standard","Standard","Keystone Farrer Park by Homestead","https://www.thekeystone.sg/farrerpark","2026-05-31","Codex","hard_filter_reviewed","lease_fit","1","LF01","availability_for_target_dates","yes","ELIM","tbd","","","availability_unverified","exact August 9, 2026 availability is not fully verified in the stored listing evidence","https://www.thekeystone.sg/farrerpark"
"keystone-farrer-standard","Standard","Keystone Farrer Park by Homestead","https://www.thekeystone.sg/farrerpark","2026-05-31","Codex","hard_filter_reviewed","cost","2","CO01","monthly_rent","yes","ELIM","no","","","above_sgd_2000_cap","displayed monthly price is S$2145, which exceeds the SGD 2000 hard cap","https://www.thekeystone.sg/farrerpark"
"keystone-farrer-standard","Standard","Keystone Farrer Park by Homestead","https://www.thekeystone.sg/farrerpark","2026-05-31","Codex","hard_filter_reviewed","location","3","LC01","commute_time_to_smu","yes","ELIM","tbd","","","commute_unverified","no verified numeric commute value is stored for this listing","https://www.thekeystone.sg/farrerpark"
"keystone-farrer-standard","Standard","Keystone Farrer Park by Homestead","https://www.thekeystone.sg/farrerpark","2026-05-31","Codex","hard_filter_reviewed","living_arrangement","4","LA03","bed_size_for_two","yes","ELIM","yes","","","bed_large_enough","bed evidence is 'Queen Bed', which meets the bigger-than-single requirement","https://www.thekeystone.sg/farrerpark"
"keystone-farrer-standard","Standard","Keystone Farrer Park by Homestead","https://www.thekeystone.sg/farrerpark","2026-05-31","Codex","hard_filter_reviewed","unit_quality","5","UQ01","air_conditioning","yes","ELIM","yes","","","aircon_confirmed","stored listing evidence confirms air-conditioning in the room or apartment","https://www.thekeystone.sg/farrerpark"
"keystone-farrer-standard","Standard","Keystone Farrer Park by Homestead","https://www.thekeystone.sg/farrerpark","2026-05-31","Codex","hard_filter_reviewed","unit_quality","5","UQ02","desk_in_room","yes","ELIM","yes","","","desk_confirmed","stored listing evidence confirms a desk or study table in the room","https://www.thekeystone.sg/farrerpark"
"keystone-farrer-standard","Standard","Keystone Farrer Park by Homestead","https://www.thekeystone.sg/farrerpark","2026-05-31","Codex","hard_filter_reviewed","unit_quality","5","UQ03","natural_light_and_window","yes","ELIM","tbd","","","window_daylight_unverified","window and natural-light evidence remains incomplete in the stored listing notes","https://www.thekeystone.sg/farrerpark"
"keystone-farrer-standard","Standard","Keystone Farrer Park by Homestead","https://www.thekeystone.sg/farrerpark","2026-05-31","Codex","hard_filter_reviewed","unit_quality","5","UQ04","laundry_access","yes","ELIM","yes","","","laundry_confirmed","stored listing evidence confirms laundry or washer/dryer access in the building or unit","https://www.thekeystone.sg/farrerpark"
"keystone-farrer-standard","Standard","Keystone Farrer Park by Homestead","https://www.thekeystone.sg/farrerpark","2026-05-31","Codex","hard_filter_reviewed","trust","6","TR01","student_pass_acceptance","yes","ELIM","yes","","","student_pass_confirmed","student-pass acceptance is explicitly marked yes in the stored listing summary","https://www.thekeystone.sg/farrerpark"
"keystone-farrer-standard","Standard","Keystone Farrer Park by Homestead","https://www.thekeystone.sg/farrerpark","2026-05-31","Codex","hard_filter_reviewed","trust","6","TR02","landlord_or_agent_verifiability","yes","ELIM","yes","","","operator_verifiable","the listing sits on an approved direct operator or property page with a traceable host identity","https://www.thekeystone.sg/farrerpark"
"keystone-farrer-standard","Standard","Keystone Farrer Park by Homestead","https://www.thekeystone.sg/farrerpark","2026-05-31","Codex","hard_filter_reviewed","trust","6","TR03","proof_of_property_control","yes","ELIM","yes","","","property_control_plausible","the listing is on a direct operator-controlled property page, so proof of control should be obtainable","https://www.thekeystone.sg/farrerpark"
"keystone-farrer-standard","Standard","Keystone Farrer Park by Homestead","https://www.thekeystone.sg/farrerpark","2026-05-31","Codex","hard_filter_reviewed","trust","6","TR04","source_trust_level","yes","ELIM","yes","","","source_approved","source registry status is 'approved'","https://www.thekeystone.sg/farrerpark"
"keystone-farrer-xl","XL","Keystone Farrer Park by Homestead","https://www.thekeystone.sg/farrerpark","2026-05-31","Codex","hard_filter_reviewed","lease_fit","1","LF01","availability_for_target_dates","yes","ELIM","tbd","","","availability_unverified","exact August 9, 2026 availability is not fully verified in the stored listing evidence","https://www.thekeystone.sg/farrerpark"
"keystone-farrer-xl","XL","Keystone Farrer Park by Homestead","https://www.thekeystone.sg/farrerpark","2026-05-31","Codex","hard_filter_reviewed","cost","2","CO01","monthly_rent","yes","ELIM","no","","","above_sgd_2000_cap","displayed monthly price is S$2255, which exceeds the SGD 2000 hard cap","https://www.thekeystone.sg/farrerpark"
"keystone-farrer-xl","XL","Keystone Farrer Park by Homestead","https://www.thekeystone.sg/farrerpark","2026-05-31","Codex","hard_filter_reviewed","location","3","LC01","commute_time_to_smu","yes","ELIM","tbd","","","commute_unverified","no verified numeric commute value is stored for this listing","https://www.thekeystone.sg/farrerpark"
"keystone-farrer-xl","XL","Keystone Farrer Park by Homestead","https://www.thekeystone.sg/farrerpark","2026-05-31","Codex","hard_filter_reviewed","living_arrangement","4","LA03","bed_size_for_two","yes","ELIM","yes","","","bed_large_enough","bed evidence is 'Queen Bed', which meets the bigger-than-single requirement","https://www.thekeystone.sg/farrerpark"
"keystone-farrer-xl","XL","Keystone Farrer Park by Homestead","https://www.thekeystone.sg/farrerpark","2026-05-31","Codex","hard_filter_reviewed","unit_quality","5","UQ01","air_conditioning","yes","ELIM","yes","","","aircon_confirmed","stored listing evidence confirms air-conditioning in the room or apartment","https://www.thekeystone.sg/farrerpark"
"keystone-farrer-xl","XL","Keystone Farrer Park by Homestead","https://www.thekeystone.sg/farrerpark","2026-05-31","Codex","hard_filter_reviewed","unit_quality","5","UQ02","desk_in_room","yes","ELIM","yes","","","desk_confirmed","stored listing evidence confirms a desk or study table in the room","https://www.thekeystone.sg/farrerpark"
"keystone-farrer-xl","XL","Keystone Farrer Park by Homestead","https://www.thekeystone.sg/farrerpark","2026-05-31","Codex","hard_filter_reviewed","unit_quality","5","UQ03","natural_light_and_window","yes","ELIM","tbd","","","window_daylight_unverified","window and natural-light evidence remains incomplete in the stored listing notes","https://www.thekeystone.sg/farrerpark"
"keystone-farrer-xl","XL","Keystone Farrer Park by Homestead","https://www.thekeystone.sg/farrerpark","2026-05-31","Codex","hard_filter_reviewed","unit_quality","5","UQ04","laundry_access","yes","ELIM","yes","","","laundry_confirmed","stored listing evidence confirms laundry or washer/dryer access in the building or unit","https://www.thekeystone.sg/farrerpark"
"keystone-farrer-xl","XL","Keystone Farrer Park by Homestead","https://www.thekeystone.sg/farrerpark","2026-05-31","Codex","hard_filter_reviewed","trust","6","TR01","student_pass_acceptance","yes","ELIM","yes","","","student_pass_confirmed","student-pass acceptance is explicitly marked yes in the stored listing summary","https://www.thekeystone.sg/farrerpark"
"keystone-farrer-xl","XL","Keystone Farrer Park by Homestead","https://www.thekeystone.sg/farrerpark","2026-05-31","Codex","hard_filter_reviewed","trust","6","TR02","landlord_or_agent_verifiability","yes","ELIM","yes","","","operator_verifiable","the listing sits on an approved direct operator or property page with a traceable host identity","https://www.thekeystone.sg/farrerpark"
"keystone-farrer-xl","XL","Keystone Farrer Park by Homestead","https://www.thekeystone.sg/farrerpark","2026-05-31","Codex","hard_filter_reviewed","trust","6","TR03","proof_of_property_control","yes","ELIM","yes","","","property_control_plausible","the listing is on a direct operator-controlled property page, so proof of control should be obtainable","https://www.thekeystone.sg/farrerpark"
"keystone-farrer-xl","XL","Keystone Farrer Park by Homestead","https://www.thekeystone.sg/farrerpark","2026-05-31","Codex","hard_filter_reviewed","trust","6","TR04","source_trust_level","yes","ELIM","yes","","","source_approved","source registry status is 'approved'","https://www.thekeystone.sg/farrerpark"
"bencoolen-house-tap-lite","TAP Lite","The Assembly Place","https://www.theassemblyplace.com/properties/bencoolen-house/","2026-05-31","Codex","hard_filter_reviewed","lease_fit","1","LF01","availability_for_target_dates","yes","ELIM","yes","","","availability_before_target","availability_start is 2026-07-01, which is on or before August 9, 2026","https://www.theassemblyplace.com/properties/bencoolen-house/"
"bencoolen-house-tap-lite","TAP Lite","The Assembly Place","https://www.theassemblyplace.com/properties/bencoolen-house/","2026-05-31","Codex","hard_filter_reviewed","cost","2","CO01","monthly_rent","yes","ELIM","yes","","","within_sgd_2000_cap","displayed monthly price is S$1700, which is within the SGD 2000 hard cap","https://www.theassemblyplace.com/properties/bencoolen-house/"
"bencoolen-house-tap-lite","TAP Lite","The Assembly Place","https://www.theassemblyplace.com/properties/bencoolen-house/","2026-05-31","Codex","hard_filter_reviewed","location","3","LC01","commute_time_to_smu","yes","ELIM","tbd","","","commute_unverified","no verified numeric commute value is stored for this listing","https://www.theassemblyplace.com/properties/bencoolen-house/"
"bencoolen-house-tap-lite","TAP Lite","The Assembly Place","https://www.theassemblyplace.com/properties/bencoolen-house/","2026-05-31","Codex","hard_filter_reviewed","living_arrangement","4","LA03","bed_size_for_two","yes","ELIM","yes","","","bed_large_enough","bed evidence is 'Queen Bed', which meets the bigger-than-single requirement","https://www.theassemblyplace.com/properties/bencoolen-house/"
"bencoolen-house-tap-lite","TAP Lite","The Assembly Place","https://www.theassemblyplace.com/properties/bencoolen-house/","2026-05-31","Codex","hard_filter_reviewed","unit_quality","5","UQ01","air_conditioning","yes","ELIM","yes","","","aircon_confirmed","listing review confirms air-conditioning in the room or apartment","https://www.theassemblyplace.com/properties/bencoolen-house/"
"bencoolen-house-tap-lite","TAP Lite","The Assembly Place","https://www.theassemblyplace.com/properties/bencoolen-house/","2026-05-31","Codex","hard_filter_reviewed","unit_quality","5","UQ02","desk_in_room","yes","ELIM","yes","","","desk_confirmed","listing review confirms a desk or study table in the room","https://www.theassemblyplace.com/properties/bencoolen-house/"
"bencoolen-house-tap-lite","TAP Lite","The Assembly Place","https://www.theassemblyplace.com/properties/bencoolen-house/","2026-05-31","Codex","hard_filter_reviewed","unit_quality","5","UQ03","natural_light_and_window","yes","ELIM","yes","","","window_daylight_confirmed","listing review records natural light quality as 'yes'","https://www.theassemblyplace.com/properties/bencoolen-house/"
"bencoolen-house-tap-lite","TAP Lite","The Assembly Place","https://www.theassemblyplace.com/properties/bencoolen-house/","2026-05-31","Codex","hard_filter_reviewed","unit_quality","5","UQ04","laundry_access","yes","ELIM","yes","","","laundry_confirmed","listing review confirms laundry or washer/dryer access in the building or unit","https://www.theassemblyplace.com/properties/bencoolen-house/"
"bencoolen-house-tap-lite","TAP Lite","The Assembly Place","https://www.theassemblyplace.com/properties/bencoolen-house/","2026-05-31","Codex","hard_filter_reviewed","trust","6","TR01","student_pass_acceptance","yes","ELIM","yes","","","student_pass_confirmed","student-pass acceptance is explicitly marked yes in the stored listing summary","https://www.theassemblyplace.com/properties/bencoolen-house/"
"bencoolen-house-tap-lite","TAP Lite","The Assembly Place","https://www.theassemblyplace.com/properties/bencoolen-house/","2026-05-31","Codex","hard_filter_reviewed","trust","6","TR02","landlord_or_agent_verifiability","yes","ELIM","yes","","","operator_verifiable","the listing sits on an approved or conditional direct operator/property page with a traceable host identity","https://www.theassemblyplace.com/properties/bencoolen-house/"
"bencoolen-house-tap-lite","TAP Lite","The Assembly Place","https://www.theassemblyplace.com/properties/bencoolen-house/","2026-05-31","Codex","hard_filter_reviewed","trust","6","TR03","proof_of_property_control","yes","ELIM","yes","","","property_control_plausible","the listing is on a direct operator-controlled property page, so proof of control should be obtainable","https://www.theassemblyplace.com/properties/bencoolen-house/"
"bencoolen-house-tap-lite","TAP Lite","The Assembly Place","https://www.theassemblyplace.com/properties/bencoolen-house/","2026-05-31","Codex","hard_filter_reviewed","trust","6","TR04","source_trust_level","yes","ELIM","yes","","","source_approved","source registry status is 'approved'","https://www.theassemblyplace.com/properties/bencoolen-house/"
"bencoolen-house-tap-luxe","TAP Luxe","The Assembly Place","https://www.theassemblyplace.com/properties/bencoolen-house/","2026-05-31","Codex","hard_filter_reviewed","lease_fit","1","LF01","availability_for_target_dates","yes","ELIM","tbd","","","availability_unverified","exact August 9, 2026 availability is not fully verified in the stored listing evidence","https://www.theassemblyplace.com/properties/bencoolen-house/"
"bencoolen-house-tap-luxe","TAP Luxe","The Assembly Place","https://www.theassemblyplace.com/properties/bencoolen-house/","2026-05-31","Codex","hard_filter_reviewed","cost","2","CO01","monthly_rent","yes","ELIM","no","","","above_sgd_2000_cap","displayed monthly price is S$2500, which exceeds the SGD 2000 hard cap","https://www.theassemblyplace.com/properties/bencoolen-house/"
"bencoolen-house-tap-luxe","TAP Luxe","The Assembly Place","https://www.theassemblyplace.com/properties/bencoolen-house/","2026-05-31","Codex","hard_filter_reviewed","location","3","LC01","commute_time_to_smu","yes","ELIM","tbd","","","commute_unverified","no verified numeric commute value is stored for this listing","https://www.theassemblyplace.com/properties/bencoolen-house/"
"bencoolen-house-tap-luxe","TAP Luxe","The Assembly Place","https://www.theassemblyplace.com/properties/bencoolen-house/","2026-05-31","Codex","hard_filter_reviewed","living_arrangement","4","LA03","bed_size_for_two","yes","ELIM","yes","","","bed_large_enough","bed evidence is 'Queen Bed', which meets the bigger-than-single requirement","https://www.theassemblyplace.com/properties/bencoolen-house/"
"bencoolen-house-tap-luxe","TAP Luxe","The Assembly Place","https://www.theassemblyplace.com/properties/bencoolen-house/","2026-05-31","Codex","hard_filter_reviewed","unit_quality","5","UQ01","air_conditioning","yes","ELIM","yes","","","aircon_confirmed","stored listing evidence confirms air-conditioning in the room or apartment","https://www.theassemblyplace.com/properties/bencoolen-house/"
"bencoolen-house-tap-luxe","TAP Luxe","The Assembly Place","https://www.theassemblyplace.com/properties/bencoolen-house/","2026-05-31","Codex","hard_filter_reviewed","unit_quality","5","UQ02","desk_in_room","yes","ELIM","yes","","","desk_confirmed","stored listing evidence confirms a desk or study table in the room","https://www.theassemblyplace.com/properties/bencoolen-house/"
"bencoolen-house-tap-luxe","TAP Luxe","The Assembly Place","https://www.theassemblyplace.com/properties/bencoolen-house/","2026-05-31","Codex","hard_filter_reviewed","unit_quality","5","UQ03","natural_light_and_window","yes","ELIM","tbd","","","window_daylight_unverified","window and natural-light evidence remains incomplete in the stored listing notes","https://www.theassemblyplace.com/properties/bencoolen-house/"
"bencoolen-house-tap-luxe","TAP Luxe","The Assembly Place","https://www.theassemblyplace.com/properties/bencoolen-house/","2026-05-31","Codex","hard_filter_reviewed","unit_quality","5","UQ04","laundry_access","yes","ELIM","yes","","","laundry_confirmed","stored listing evidence confirms laundry or washer/dryer access in the building or unit","https://www.theassemblyplace.com/properties/bencoolen-house/"
"bencoolen-house-tap-luxe","TAP Luxe","The Assembly Place","https://www.theassemblyplace.com/properties/bencoolen-house/","2026-05-31","Codex","hard_filter_reviewed","trust","6","TR01","student_pass_acceptance","yes","ELIM","yes","","","student_pass_confirmed","student-pass acceptance is explicitly marked yes in the stored listing summary","https://www.theassemblyplace.com/properties/bencoolen-house/"
"bencoolen-house-tap-luxe","TAP Luxe","The Assembly Place","https://www.theassemblyplace.com/properties/bencoolen-house/","2026-05-31","Codex","hard_filter_reviewed","trust","6","TR02","landlord_or_agent_verifiability","yes","ELIM","yes","","","operator_verifiable","the listing sits on an approved direct operator or property page with a traceable host identity","https://www.theassemblyplace.com/properties/bencoolen-house/"
"bencoolen-house-tap-luxe","TAP Luxe","The Assembly Place","https://www.theassemblyplace.com/properties/bencoolen-house/","2026-05-31","Codex","hard_filter_reviewed","trust","6","TR03","proof_of_property_control","yes","ELIM","yes","","","property_control_plausible","the listing is on a direct operator-controlled property page, so proof of control should be obtainable","https://www.theassemblyplace.com/properties/bencoolen-house/"
"bencoolen-house-tap-luxe","TAP Luxe","The Assembly Place","https://www.theassemblyplace.com/properties/bencoolen-house/","2026-05-31","Codex","hard_filter_reviewed","trust","6","TR04","source_trust_level","yes","ELIM","yes","","","source_approved","source registry status is 'approved'","https://www.theassemblyplace.com/properties/bencoolen-house/"
"jalan-besar-138-lite","TAP Lite","The Assembly Place","https://www.theassemblyplace.com/properties/138-jalan-besar/","2026-05-31","Codex","hard_filter_reviewed","lease_fit","1","LF01","availability_for_target_dates","yes","ELIM","tbd","","","availability_unverified","exact August 9, 2026 availability is not fully verified in the stored listing evidence","https://www.theassemblyplace.com/properties/138-jalan-besar/"
"jalan-besar-138-lite","TAP Lite","The Assembly Place","https://www.theassemblyplace.com/properties/138-jalan-besar/","2026-05-31","Codex","hard_filter_reviewed","cost","2","CO01","monthly_rent","yes","ELIM","yes","","","within_sgd_2000_cap","displayed monthly price is S$1500, which is within the SGD 2000 hard cap","https://www.theassemblyplace.com/properties/138-jalan-besar/"
"jalan-besar-138-lite","TAP Lite","The Assembly Place","https://www.theassemblyplace.com/properties/138-jalan-besar/","2026-05-31","Codex","hard_filter_reviewed","location","3","LC01","commute_time_to_smu","yes","ELIM","tbd","","","commute_unverified","no verified numeric commute value is stored for this listing","https://www.theassemblyplace.com/properties/138-jalan-besar/"
"jalan-besar-138-lite","TAP Lite","The Assembly Place","https://www.theassemblyplace.com/properties/138-jalan-besar/","2026-05-31","Codex","hard_filter_reviewed","living_arrangement","4","LA03","bed_size_for_two","yes","ELIM","yes","","","bed_large_enough","bed evidence is 'Queen Bed', which meets the bigger-than-single requirement","https://www.theassemblyplace.com/properties/138-jalan-besar/"
"jalan-besar-138-lite","TAP Lite","The Assembly Place","https://www.theassemblyplace.com/properties/138-jalan-besar/","2026-05-31","Codex","hard_filter_reviewed","unit_quality","5","UQ01","air_conditioning","yes","ELIM","yes","","","aircon_confirmed","listing review confirms air-conditioning in the room or apartment","https://www.theassemblyplace.com/properties/138-jalan-besar/"
"jalan-besar-138-lite","TAP Lite","The Assembly Place","https://www.theassemblyplace.com/properties/138-jalan-besar/","2026-05-31","Codex","hard_filter_reviewed","unit_quality","5","UQ02","desk_in_room","yes","ELIM","yes","","","desk_confirmed","listing review confirms a desk or study table in the room","https://www.theassemblyplace.com/properties/138-jalan-besar/"
"jalan-besar-138-lite","TAP Lite","The Assembly Place","https://www.theassemblyplace.com/properties/138-jalan-besar/","2026-05-31","Codex","hard_filter_reviewed","unit_quality","5","UQ03","natural_light_and_window","yes","ELIM","yes","","","window_daylight_confirmed","listing review records natural light quality as 'yes'","https://www.theassemblyplace.com/properties/138-jalan-besar/"
"jalan-besar-138-lite","TAP Lite","The Assembly Place","https://www.theassemblyplace.com/properties/138-jalan-besar/","2026-05-31","Codex","hard_filter_reviewed","unit_quality","5","UQ04","laundry_access","yes","ELIM","yes","","","laundry_confirmed","listing review confirms laundry or washer/dryer access in the building or unit","https://www.theassemblyplace.com/properties/138-jalan-besar/"
"jalan-besar-138-lite","TAP Lite","The Assembly Place","https://www.theassemblyplace.com/properties/138-jalan-besar/","2026-05-31","Codex","hard_filter_reviewed","trust","6","TR01","student_pass_acceptance","yes","ELIM","yes","","","student_pass_confirmed","student-pass acceptance is explicitly marked yes in the stored listing summary","https://www.theassemblyplace.com/properties/138-jalan-besar/"
"jalan-besar-138-lite","TAP Lite","The Assembly Place","https://www.theassemblyplace.com/properties/138-jalan-besar/","2026-05-31","Codex","hard_filter_reviewed","trust","6","TR02","landlord_or_agent_verifiability","yes","ELIM","yes","","","operator_verifiable","the listing sits on an approved or conditional direct operator/property page with a traceable host identity","https://www.theassemblyplace.com/properties/138-jalan-besar/"
"jalan-besar-138-lite","TAP Lite","The Assembly Place","https://www.theassemblyplace.com/properties/138-jalan-besar/","2026-05-31","Codex","hard_filter_reviewed","trust","6","TR03","proof_of_property_control","yes","ELIM","yes","","","property_control_plausible","the listing is on a direct operator-controlled property page, so proof of control should be obtainable","https://www.theassemblyplace.com/properties/138-jalan-besar/"
"jalan-besar-138-lite","TAP Lite","The Assembly Place","https://www.theassemblyplace.com/properties/138-jalan-besar/","2026-05-31","Codex","hard_filter_reviewed","trust","6","TR04","source_trust_level","yes","ELIM","yes","","","source_approved","source registry status is 'approved'","https://www.theassemblyplace.com/properties/138-jalan-besar/"
"jalan-besar-138-luxe","TAP Luxe","The Assembly Place","https://www.theassemblyplace.com/properties/138-jalan-besar/","2026-05-31","Codex","hard_filter_reviewed","lease_fit","1","LF01","availability_for_target_dates","yes","ELIM","yes","","","availability_before_target","availability_start is 2026-03-27, which is on or before August 9, 2026","https://www.theassemblyplace.com/properties/138-jalan-besar/"
"jalan-besar-138-luxe","TAP Luxe","The Assembly Place","https://www.theassemblyplace.com/properties/138-jalan-besar/","2026-05-31","Codex","hard_filter_reviewed","cost","2","CO01","monthly_rent","yes","ELIM","yes","","","within_sgd_2000_cap","displayed monthly price is S$1950, which is within the SGD 2000 hard cap","https://www.theassemblyplace.com/properties/138-jalan-besar/"
"jalan-besar-138-luxe","TAP Luxe","The Assembly Place","https://www.theassemblyplace.com/properties/138-jalan-besar/","2026-05-31","Codex","hard_filter_reviewed","location","3","LC01","commute_time_to_smu","yes","ELIM","tbd","","","commute_unverified","no verified numeric commute value is stored for this listing","https://www.theassemblyplace.com/properties/138-jalan-besar/"
"jalan-besar-138-luxe","TAP Luxe","The Assembly Place","https://www.theassemblyplace.com/properties/138-jalan-besar/","2026-05-31","Codex","hard_filter_reviewed","living_arrangement","4","LA03","bed_size_for_two","yes","ELIM","yes","","","bed_large_enough","bed evidence is 'Queen Bed', which meets the bigger-than-single requirement","https://www.theassemblyplace.com/properties/138-jalan-besar/"
"jalan-besar-138-luxe","TAP Luxe","The Assembly Place","https://www.theassemblyplace.com/properties/138-jalan-besar/","2026-05-31","Codex","hard_filter_reviewed","unit_quality","5","UQ01","air_conditioning","yes","ELIM","yes","","","aircon_confirmed","listing review confirms air-conditioning in the room or apartment","https://www.theassemblyplace.com/properties/138-jalan-besar/"
"jalan-besar-138-luxe","TAP Luxe","The Assembly Place","https://www.theassemblyplace.com/properties/138-jalan-besar/","2026-05-31","Codex","hard_filter_reviewed","unit_quality","5","UQ02","desk_in_room","yes","ELIM","yes","","","desk_confirmed","listing review confirms a desk or study table in the room","https://www.theassemblyplace.com/properties/138-jalan-besar/"
"jalan-besar-138-luxe","TAP Luxe","The Assembly Place","https://www.theassemblyplace.com/properties/138-jalan-besar/","2026-05-31","Codex","hard_filter_reviewed","unit_quality","5","UQ03","natural_light_and_window","yes","ELIM","yes","","","window_daylight_confirmed","listing review records natural light quality as 'yes'","https://www.theassemblyplace.com/properties/138-jalan-besar/"
"jalan-besar-138-luxe","TAP Luxe","The Assembly Place","https://www.theassemblyplace.com/properties/138-jalan-besar/","2026-05-31","Codex","hard_filter_reviewed","unit_quality","5","UQ04","laundry_access","yes","ELIM","yes","","","laundry_confirmed","listing review confirms laundry or washer/dryer access in the building or unit","https://www.theassemblyplace.com/properties/138-jalan-besar/"
"jalan-besar-138-luxe","TAP Luxe","The Assembly Place","https://www.theassemblyplace.com/properties/138-jalan-besar/","2026-05-31","Codex","hard_filter_reviewed","trust","6","TR01","student_pass_acceptance","yes","ELIM","yes","","","student_pass_confirmed","student-pass acceptance is explicitly marked yes in the stored listing summary","https://www.theassemblyplace.com/properties/138-jalan-besar/"
"jalan-besar-138-luxe","TAP Luxe","The Assembly Place","https://www.theassemblyplace.com/properties/138-jalan-besar/","2026-05-31","Codex","hard_filter_reviewed","trust","6","TR02","landlord_or_agent_verifiability","yes","ELIM","yes","","","operator_verifiable","the listing sits on an approved or conditional direct operator/property page with a traceable host identity","https://www.theassemblyplace.com/properties/138-jalan-besar/"
"jalan-besar-138-luxe","TAP Luxe","The Assembly Place","https://www.theassemblyplace.com/properties/138-jalan-besar/","2026-05-31","Codex","hard_filter_reviewed","trust","6","TR03","proof_of_property_control","yes","ELIM","yes","","","property_control_plausible","the listing is on a direct operator-controlled property page, so proof of control should be obtainable","https://www.theassemblyplace.com/properties/138-jalan-besar/"
"jalan-besar-138-luxe","TAP Luxe","The Assembly Place","https://www.theassemblyplace.com/properties/138-jalan-besar/","2026-05-31","Codex","hard_filter_reviewed","trust","6","TR04","source_trust_level","yes","ELIM","yes","","","source_approved","source registry status is 'approved'","https://www.theassemblyplace.com/properties/138-jalan-besar/"
"jalan-besar-140-lite","TAP Lite","The Assembly Place","https://www.theassemblyplace.com/properties/140-jalan-besar/","2026-05-31","Codex","hard_filter_reviewed","lease_fit","1","LF01","availability_for_target_dates","yes","ELIM","yes","","","availability_before_target","availability_start is 2026-03-26, which is on or before August 9, 2026","https://www.theassemblyplace.com/properties/140-jalan-besar/"
"jalan-besar-140-lite","TAP Lite","The Assembly Place","https://www.theassemblyplace.com/properties/140-jalan-besar/","2026-05-31","Codex","hard_filter_reviewed","cost","2","CO01","monthly_rent","yes","ELIM","yes","","","within_sgd_2000_cap","displayed monthly price is S$1950, which is within the SGD 2000 hard cap","https://www.theassemblyplace.com/properties/140-jalan-besar/"
"jalan-besar-140-lite","TAP Lite","The Assembly Place","https://www.theassemblyplace.com/properties/140-jalan-besar/","2026-05-31","Codex","hard_filter_reviewed","location","3","LC01","commute_time_to_smu","yes","ELIM","tbd","","","commute_unverified","no verified numeric commute value is stored for this listing","https://www.theassemblyplace.com/properties/140-jalan-besar/"
"jalan-besar-140-lite","TAP Lite","The Assembly Place","https://www.theassemblyplace.com/properties/140-jalan-besar/","2026-05-31","Codex","hard_filter_reviewed","living_arrangement","4","LA03","bed_size_for_two","yes","ELIM","yes","","","bed_large_enough","bed evidence is 'Queen Bed', which meets the bigger-than-single requirement","https://www.theassemblyplace.com/properties/140-jalan-besar/"
"jalan-besar-140-lite","TAP Lite","The Assembly Place","https://www.theassemblyplace.com/properties/140-jalan-besar/","2026-05-31","Codex","hard_filter_reviewed","unit_quality","5","UQ01","air_conditioning","yes","ELIM","yes","","","aircon_confirmed","listing review confirms air-conditioning in the room or apartment","https://www.theassemblyplace.com/properties/140-jalan-besar/"
"jalan-besar-140-lite","TAP Lite","The Assembly Place","https://www.theassemblyplace.com/properties/140-jalan-besar/","2026-05-31","Codex","hard_filter_reviewed","unit_quality","5","UQ02","desk_in_room","yes","ELIM","yes","","","desk_confirmed","listing review confirms a desk or study table in the room","https://www.theassemblyplace.com/properties/140-jalan-besar/"
"jalan-besar-140-lite","TAP Lite","The Assembly Place","https://www.theassemblyplace.com/properties/140-jalan-besar/","2026-05-31","Codex","hard_filter_reviewed","unit_quality","5","UQ03","natural_light_and_window","yes","ELIM","yes","","","window_daylight_confirmed","listing review records natural light quality as 'yes'","https://www.theassemblyplace.com/properties/140-jalan-besar/"
"jalan-besar-140-lite","TAP Lite","The Assembly Place","https://www.theassemblyplace.com/properties/140-jalan-besar/","2026-05-31","Codex","hard_filter_reviewed","unit_quality","5","UQ04","laundry_access","yes","ELIM","yes","","","laundry_confirmed","listing review confirms laundry or washer/dryer access in the building or unit","https://www.theassemblyplace.com/properties/140-jalan-besar/"
"jalan-besar-140-lite","TAP Lite","The Assembly Place","https://www.theassemblyplace.com/properties/140-jalan-besar/","2026-05-31","Codex","hard_filter_reviewed","trust","6","TR01","student_pass_acceptance","yes","ELIM","yes","","","student_pass_confirmed","student-pass acceptance is explicitly marked yes in the stored listing summary","https://www.theassemblyplace.com/properties/140-jalan-besar/"
"jalan-besar-140-lite","TAP Lite","The Assembly Place","https://www.theassemblyplace.com/properties/140-jalan-besar/","2026-05-31","Codex","hard_filter_reviewed","trust","6","TR02","landlord_or_agent_verifiability","yes","ELIM","yes","","","operator_verifiable","the listing sits on an approved or conditional direct operator/property page with a traceable host identity","https://www.theassemblyplace.com/properties/140-jalan-besar/"
"jalan-besar-140-lite","TAP Lite","The Assembly Place","https://www.theassemblyplace.com/properties/140-jalan-besar/","2026-05-31","Codex","hard_filter_reviewed","trust","6","TR03","proof_of_property_control","yes","ELIM","yes","","","property_control_plausible","the listing is on a direct operator-controlled property page, so proof of control should be obtainable","https://www.theassemblyplace.com/properties/140-jalan-besar/"
"jalan-besar-140-lite","TAP Lite","The Assembly Place","https://www.theassemblyplace.com/properties/140-jalan-besar/","2026-05-31","Codex","hard_filter_reviewed","trust","6","TR04","source_trust_level","yes","ELIM","yes","","","source_approved","source registry status is 'approved'","https://www.theassemblyplace.com/properties/140-jalan-besar/"
"jalan-besar-140-luxe","TAP Luxe","The Assembly Place","https://www.theassemblyplace.com/properties/140-jalan-besar/","2026-05-31","Codex","hard_filter_reviewed","lease_fit","1","LF01","availability_for_target_dates","yes","ELIM","tbd","","","availability_unverified","exact August 9, 2026 availability is not fully verified in the stored listing evidence","https://www.theassemblyplace.com/properties/140-jalan-besar/"
"jalan-besar-140-luxe","TAP Luxe","The Assembly Place","https://www.theassemblyplace.com/properties/140-jalan-besar/","2026-05-31","Codex","hard_filter_reviewed","cost","2","CO01","monthly_rent","yes","ELIM","no","","","above_sgd_2000_cap","displayed monthly price is S$2200, which exceeds the SGD 2000 hard cap","https://www.theassemblyplace.com/properties/140-jalan-besar/"
"jalan-besar-140-luxe","TAP Luxe","The Assembly Place","https://www.theassemblyplace.com/properties/140-jalan-besar/","2026-05-31","Codex","hard_filter_reviewed","location","3","LC01","commute_time_to_smu","yes","ELIM","tbd","","","commute_unverified","no verified numeric commute value is stored for this listing","https://www.theassemblyplace.com/properties/140-jalan-besar/"
"jalan-besar-140-luxe","TAP Luxe","The Assembly Place","https://www.theassemblyplace.com/properties/140-jalan-besar/","2026-05-31","Codex","hard_filter_reviewed","living_arrangement","4","LA03","bed_size_for_two","yes","ELIM","yes","","","bed_large_enough","bed evidence is 'Queen Bed', which meets the bigger-than-single requirement","https://www.theassemblyplace.com/properties/140-jalan-besar/"
"jalan-besar-140-luxe","TAP Luxe","The Assembly Place","https://www.theassemblyplace.com/properties/140-jalan-besar/","2026-05-31","Codex","hard_filter_reviewed","unit_quality","5","UQ01","air_conditioning","yes","ELIM","yes","","","aircon_confirmed","stored listing evidence confirms air-conditioning in the room or apartment","https://www.theassemblyplace.com/properties/140-jalan-besar/"
"jalan-besar-140-luxe","TAP Luxe","The Assembly Place","https://www.theassemblyplace.com/properties/140-jalan-besar/","2026-05-31","Codex","hard_filter_reviewed","unit_quality","5","UQ02","desk_in_room","yes","ELIM","yes","","","desk_confirmed","stored listing evidence confirms a desk or study table in the room","https://www.theassemblyplace.com/properties/140-jalan-besar/"
"jalan-besar-140-luxe","TAP Luxe","The Assembly Place","https://www.theassemblyplace.com/properties/140-jalan-besar/","2026-05-31","Codex","hard_filter_reviewed","unit_quality","5","UQ03","natural_light_and_window","yes","ELIM","tbd","","","window_daylight_unverified","window and natural-light evidence remains incomplete in the stored listing notes","https://www.theassemblyplace.com/properties/140-jalan-besar/"
"jalan-besar-140-luxe","TAP Luxe","The Assembly Place","https://www.theassemblyplace.com/properties/140-jalan-besar/","2026-05-31","Codex","hard_filter_reviewed","unit_quality","5","UQ04","laundry_access","yes","ELIM","yes","","","laundry_confirmed","stored listing evidence confirms laundry or washer/dryer access in the building or unit","https://www.theassemblyplace.com/properties/140-jalan-besar/"
"jalan-besar-140-luxe","TAP Luxe","The Assembly Place","https://www.theassemblyplace.com/properties/140-jalan-besar/","2026-05-31","Codex","hard_filter_reviewed","trust","6","TR01","student_pass_acceptance","yes","ELIM","yes","","","student_pass_confirmed","student-pass acceptance is explicitly marked yes in the stored listing summary","https://www.theassemblyplace.com/properties/140-jalan-besar/"
"jalan-besar-140-luxe","TAP Luxe","The Assembly Place","https://www.theassemblyplace.com/properties/140-jalan-besar/","2026-05-31","Codex","hard_filter_reviewed","trust","6","TR02","landlord_or_agent_verifiability","yes","ELIM","yes","","","operator_verifiable","the listing sits on an approved direct operator or property page with a traceable host identity","https://www.theassemblyplace.com/properties/140-jalan-besar/"
"jalan-besar-140-luxe","TAP Luxe","The Assembly Place","https://www.theassemblyplace.com/properties/140-jalan-besar/","2026-05-31","Codex","hard_filter_reviewed","trust","6","TR03","proof_of_property_control","yes","ELIM","yes","","","property_control_plausible","the listing is on a direct operator-controlled property page, so proof of control should be obtainable","https://www.theassemblyplace.com/properties/140-jalan-besar/"
"jalan-besar-140-luxe","TAP Luxe","The Assembly Place","https://www.theassemblyplace.com/properties/140-jalan-besar/","2026-05-31","Codex","hard_filter_reviewed","trust","6","TR04","source_trust_level","yes","ELIM","yes","","","source_approved","source registry status is 'approved'","https://www.theassemblyplace.com/properties/140-jalan-besar/"
"horne-road-64-lite","TAP Lite","The Assembly Place","https://www.theassemblyplace.com/properties/64-horne-road/","2026-05-31","Codex","hard_filter_reviewed","lease_fit","1","LF01","availability_for_target_dates","yes","ELIM","tbd","","","availability_unverified","exact August 9, 2026 availability is not fully verified in the stored listing evidence","https://www.theassemblyplace.com/properties/64-horne-road/"
"horne-road-64-lite","TAP Lite","The Assembly Place","https://www.theassemblyplace.com/properties/64-horne-road/","2026-05-31","Codex","hard_filter_reviewed","cost","2","CO01","monthly_rent","yes","ELIM","yes","","","within_sgd_2000_cap","displayed monthly price is S$1750, which is within the SGD 2000 hard cap","https://www.theassemblyplace.com/properties/64-horne-road/"
"horne-road-64-lite","TAP Lite","The Assembly Place","https://www.theassemblyplace.com/properties/64-horne-road/","2026-05-31","Codex","hard_filter_reviewed","location","3","LC01","commute_time_to_smu","yes","ELIM","tbd","","","commute_unverified","no verified numeric commute value is stored for this listing","https://www.theassemblyplace.com/properties/64-horne-road/"
"horne-road-64-lite","TAP Lite","The Assembly Place","https://www.theassemblyplace.com/properties/64-horne-road/","2026-05-31","Codex","hard_filter_reviewed","living_arrangement","4","LA03","bed_size_for_two","yes","ELIM","yes","","","bed_large_enough","bed evidence is 'Queen Bed', which meets the bigger-than-single requirement","https://www.theassemblyplace.com/properties/64-horne-road/"
"horne-road-64-lite","TAP Lite","The Assembly Place","https://www.theassemblyplace.com/properties/64-horne-road/","2026-05-31","Codex","hard_filter_reviewed","unit_quality","5","UQ01","air_conditioning","yes","ELIM","yes","","","aircon_confirmed","listing review confirms air-conditioning in the room or apartment","https://www.theassemblyplace.com/properties/64-horne-road/"
"horne-road-64-lite","TAP Lite","The Assembly Place","https://www.theassemblyplace.com/properties/64-horne-road/","2026-05-31","Codex","hard_filter_reviewed","unit_quality","5","UQ02","desk_in_room","yes","ELIM","yes","","","desk_confirmed","listing review confirms a desk or study table in the room","https://www.theassemblyplace.com/properties/64-horne-road/"
"horne-road-64-lite","TAP Lite","The Assembly Place","https://www.theassemblyplace.com/properties/64-horne-road/","2026-05-31","Codex","hard_filter_reviewed","unit_quality","5","UQ03","natural_light_and_window","yes","ELIM","yes","","","window_daylight_confirmed","listing review records natural light quality as 'yes'","https://www.theassemblyplace.com/properties/64-horne-road/"
"horne-road-64-lite","TAP Lite","The Assembly Place","https://www.theassemblyplace.com/properties/64-horne-road/","2026-05-31","Codex","hard_filter_reviewed","unit_quality","5","UQ04","laundry_access","yes","ELIM","yes","","","laundry_confirmed","listing review confirms laundry or washer/dryer access in the building or unit","https://www.theassemblyplace.com/properties/64-horne-road/"
"horne-road-64-lite","TAP Lite","The Assembly Place","https://www.theassemblyplace.com/properties/64-horne-road/","2026-05-31","Codex","hard_filter_reviewed","trust","6","TR01","student_pass_acceptance","yes","ELIM","yes","","","student_pass_confirmed","student-pass acceptance is explicitly marked yes in the stored listing summary","https://www.theassemblyplace.com/properties/64-horne-road/"
"horne-road-64-lite","TAP Lite","The Assembly Place","https://www.theassemblyplace.com/properties/64-horne-road/","2026-05-31","Codex","hard_filter_reviewed","trust","6","TR02","landlord_or_agent_verifiability","yes","ELIM","yes","","","operator_verifiable","the listing sits on an approved or conditional direct operator/property page with a traceable host identity","https://www.theassemblyplace.com/properties/64-horne-road/"
"horne-road-64-lite","TAP Lite","The Assembly Place","https://www.theassemblyplace.com/properties/64-horne-road/","2026-05-31","Codex","hard_filter_reviewed","trust","6","TR03","proof_of_property_control","yes","ELIM","yes","","","property_control_plausible","the listing is on a direct operator-controlled property page, so proof of control should be obtainable","https://www.theassemblyplace.com/properties/64-horne-road/"
"horne-road-64-lite","TAP Lite","The Assembly Place","https://www.theassemblyplace.com/properties/64-horne-road/","2026-05-31","Codex","hard_filter_reviewed","trust","6","TR04","source_trust_level","yes","ELIM","yes","","","source_approved","source registry status is 'approved'","https://www.theassemblyplace.com/properties/64-horne-road/"
"dunlop-79a-lite","TAP Lite","The Assembly Place","https://www.theassemblyplace.com/properties/79a-dunlop-street/","2026-05-31","Codex","hard_filter_reviewed","lease_fit","1","LF01","availability_for_target_dates","yes","ELIM","tbd","","","availability_unverified","exact August 9, 2026 availability is not fully verified in the stored listing evidence","https://www.theassemblyplace.com/properties/79a-dunlop-street/"
"dunlop-79a-lite","TAP Lite","The Assembly Place","https://www.theassemblyplace.com/properties/79a-dunlop-street/","2026-05-31","Codex","hard_filter_reviewed","cost","2","CO01","monthly_rent","yes","ELIM","yes","","","within_sgd_2000_cap","displayed monthly price is S$1400, which is within the SGD 2000 hard cap","https://www.theassemblyplace.com/properties/79a-dunlop-street/"
"dunlop-79a-lite","TAP Lite","The Assembly Place","https://www.theassemblyplace.com/properties/79a-dunlop-street/","2026-05-31","Codex","hard_filter_reviewed","location","3","LC01","commute_time_to_smu","yes","ELIM","tbd","","","commute_unverified","no verified numeric commute value is stored for this listing","https://www.theassemblyplace.com/properties/79a-dunlop-street/"
"dunlop-79a-lite","TAP Lite","The Assembly Place","https://www.theassemblyplace.com/properties/79a-dunlop-street/","2026-05-31","Codex","hard_filter_reviewed","living_arrangement","4","LA03","bed_size_for_two","yes","ELIM","yes","","","bed_large_enough","bed evidence is 'Single or Queen Bed', which meets the bigger-than-single requirement","https://www.theassemblyplace.com/properties/79a-dunlop-street/"
"dunlop-79a-lite","TAP Lite","The Assembly Place","https://www.theassemblyplace.com/properties/79a-dunlop-street/","2026-05-31","Codex","hard_filter_reviewed","unit_quality","5","UQ01","air_conditioning","yes","ELIM","yes","","","aircon_confirmed","listing review confirms air-conditioning in the room or apartment","https://www.theassemblyplace.com/properties/79a-dunlop-street/"
"dunlop-79a-lite","TAP Lite","The Assembly Place","https://www.theassemblyplace.com/properties/79a-dunlop-street/","2026-05-31","Codex","hard_filter_reviewed","unit_quality","5","UQ02","desk_in_room","yes","ELIM","yes","","","desk_confirmed","listing review confirms a desk or study table in the room","https://www.theassemblyplace.com/properties/79a-dunlop-street/"
"dunlop-79a-lite","TAP Lite","The Assembly Place","https://www.theassemblyplace.com/properties/79a-dunlop-street/","2026-05-31","Codex","hard_filter_reviewed","unit_quality","5","UQ03","natural_light_and_window","yes","ELIM","yes","","","window_daylight_confirmed","listing review records natural light quality as 'yes'","https://www.theassemblyplace.com/properties/79a-dunlop-street/"
"dunlop-79a-lite","TAP Lite","The Assembly Place","https://www.theassemblyplace.com/properties/79a-dunlop-street/","2026-05-31","Codex","hard_filter_reviewed","unit_quality","5","UQ04","laundry_access","yes","ELIM","yes","","","laundry_confirmed","listing review confirms laundry or washer/dryer access in the building or unit","https://www.theassemblyplace.com/properties/79a-dunlop-street/"
"dunlop-79a-lite","TAP Lite","The Assembly Place","https://www.theassemblyplace.com/properties/79a-dunlop-street/","2026-05-31","Codex","hard_filter_reviewed","trust","6","TR01","student_pass_acceptance","yes","ELIM","yes","","","student_pass_confirmed","student-pass acceptance is explicitly marked yes in the stored listing summary","https://www.theassemblyplace.com/properties/79a-dunlop-street/"
"dunlop-79a-lite","TAP Lite","The Assembly Place","https://www.theassemblyplace.com/properties/79a-dunlop-street/","2026-05-31","Codex","hard_filter_reviewed","trust","6","TR02","landlord_or_agent_verifiability","yes","ELIM","yes","","","operator_verifiable","the listing sits on an approved or conditional direct operator/property page with a traceable host identity","https://www.theassemblyplace.com/properties/79a-dunlop-street/"
"dunlop-79a-lite","TAP Lite","The Assembly Place","https://www.theassemblyplace.com/properties/79a-dunlop-street/","2026-05-31","Codex","hard_filter_reviewed","trust","6","TR03","proof_of_property_control","yes","ELIM","yes","","","property_control_plausible","the listing is on a direct operator-controlled property page, so proof of control should be obtainable","https://www.theassemblyplace.com/properties/79a-dunlop-street/"
"dunlop-79a-lite","TAP Lite","The Assembly Place","https://www.theassemblyplace.com/properties/79a-dunlop-street/","2026-05-31","Codex","hard_filter_reviewed","trust","6","TR04","source_trust_level","yes","ELIM","yes","","","source_approved","source registry status is 'approved'","https://www.theassemblyplace.com/properties/79a-dunlop-street/"
"the-centren-lite-queen","TAP Lite","The Assembly Place","https://www.theassemblyplace.com/properties/the-centren/","2026-05-31","Codex","hard_filter_reviewed","lease_fit","1","LF01","availability_for_target_dates","yes","ELIM","tbd","","","availability_unverified","exact August 9, 2026 availability is not fully verified in the stored listing evidence","https://www.theassemblyplace.com/properties/the-centren/"
"the-centren-lite-queen","TAP Lite","The Assembly Place","https://www.theassemblyplace.com/properties/the-centren/","2026-05-31","Codex","hard_filter_reviewed","cost","2","CO01","monthly_rent","yes","ELIM","yes","","","within_sgd_2000_cap","displayed monthly price is S$1800, which is within the SGD 2000 hard cap","https://www.theassemblyplace.com/properties/the-centren/"
"the-centren-lite-queen","TAP Lite","The Assembly Place","https://www.theassemblyplace.com/properties/the-centren/","2026-05-31","Codex","hard_filter_reviewed","location","3","LC01","commute_time_to_smu","yes","ELIM","tbd","","","commute_unverified","no verified numeric commute value is stored for this listing","https://www.theassemblyplace.com/properties/the-centren/"
"the-centren-lite-queen","TAP Lite","The Assembly Place","https://www.theassemblyplace.com/properties/the-centren/","2026-05-31","Codex","hard_filter_reviewed","living_arrangement","4","LA03","bed_size_for_two","yes","ELIM","yes","","","bed_large_enough","bed evidence is 'Queen Bed', which meets the bigger-than-single requirement","https://www.theassemblyplace.com/properties/the-centren/"
"the-centren-lite-queen","TAP Lite","The Assembly Place","https://www.theassemblyplace.com/properties/the-centren/","2026-05-31","Codex","hard_filter_reviewed","unit_quality","5","UQ01","air_conditioning","yes","ELIM","yes","","","aircon_confirmed","listing review confirms air-conditioning in the room or apartment","https://www.theassemblyplace.com/properties/the-centren/"
"the-centren-lite-queen","TAP Lite","The Assembly Place","https://www.theassemblyplace.com/properties/the-centren/","2026-05-31","Codex","hard_filter_reviewed","unit_quality","5","UQ02","desk_in_room","yes","ELIM","yes","","","desk_confirmed","listing review confirms a desk or study table in the room","https://www.theassemblyplace.com/properties/the-centren/"
"the-centren-lite-queen","TAP Lite","The Assembly Place","https://www.theassemblyplace.com/properties/the-centren/","2026-05-31","Codex","hard_filter_reviewed","unit_quality","5","UQ03","natural_light_and_window","yes","ELIM","yes","","","window_daylight_confirmed","listing review records natural light quality as 'yes'","https://www.theassemblyplace.com/properties/the-centren/"
"the-centren-lite-queen","TAP Lite","The Assembly Place","https://www.theassemblyplace.com/properties/the-centren/","2026-05-31","Codex","hard_filter_reviewed","unit_quality","5","UQ04","laundry_access","yes","ELIM","yes","","","laundry_confirmed","listing review confirms laundry or washer/dryer access in the building or unit","https://www.theassemblyplace.com/properties/the-centren/"
"the-centren-lite-queen","TAP Lite","The Assembly Place","https://www.theassemblyplace.com/properties/the-centren/","2026-05-31","Codex","hard_filter_reviewed","trust","6","TR01","student_pass_acceptance","yes","ELIM","yes","","","student_pass_confirmed","student-pass acceptance is explicitly marked yes in the stored listing summary","https://www.theassemblyplace.com/properties/the-centren/"
"the-centren-lite-queen","TAP Lite","The Assembly Place","https://www.theassemblyplace.com/properties/the-centren/","2026-05-31","Codex","hard_filter_reviewed","trust","6","TR02","landlord_or_agent_verifiability","yes","ELIM","yes","","","operator_verifiable","the listing sits on an approved or conditional direct operator/property page with a traceable host identity","https://www.theassemblyplace.com/properties/the-centren/"
"the-centren-lite-queen","TAP Lite","The Assembly Place","https://www.theassemblyplace.com/properties/the-centren/","2026-05-31","Codex","hard_filter_reviewed","trust","6","TR03","proof_of_property_control","yes","ELIM","yes","","","property_control_plausible","the listing is on a direct operator-controlled property page, so proof of control should be obtainable","https://www.theassemblyplace.com/properties/the-centren/"
"the-centren-lite-queen","TAP Lite","The Assembly Place","https://www.theassemblyplace.com/properties/the-centren/","2026-05-31","Codex","hard_filter_reviewed","trust","6","TR04","source_trust_level","yes","ELIM","yes","","","source_approved","source registry status is 'approved'","https://www.theassemblyplace.com/properties/the-centren/"
"the-centren-luxe","TAP Luxe","The Assembly Place","https://www.theassemblyplace.com/properties/the-centren/","2026-05-31","Codex","hard_filter_reviewed","lease_fit","1","LF01","availability_for_target_dates","yes","ELIM","tbd","","","availability_unverified","exact August 9, 2026 availability is not fully verified in the stored listing evidence","https://www.theassemblyplace.com/properties/the-centren/"
"the-centren-luxe","TAP Luxe","The Assembly Place","https://www.theassemblyplace.com/properties/the-centren/","2026-05-31","Codex","hard_filter_reviewed","cost","2","CO01","monthly_rent","yes","ELIM","no","","","above_sgd_2000_cap","displayed monthly price is S$2300, which exceeds the SGD 2000 hard cap","https://www.theassemblyplace.com/properties/the-centren/"
"the-centren-luxe","TAP Luxe","The Assembly Place","https://www.theassemblyplace.com/properties/the-centren/","2026-05-31","Codex","hard_filter_reviewed","location","3","LC01","commute_time_to_smu","yes","ELIM","tbd","","","commute_unverified","no verified numeric commute value is stored for this listing","https://www.theassemblyplace.com/properties/the-centren/"
"the-centren-luxe","TAP Luxe","The Assembly Place","https://www.theassemblyplace.com/properties/the-centren/","2026-05-31","Codex","hard_filter_reviewed","living_arrangement","4","LA03","bed_size_for_two","yes","ELIM","yes","","","bed_large_enough","bed evidence is 'Queen Bed', which meets the bigger-than-single requirement","https://www.theassemblyplace.com/properties/the-centren/"
"the-centren-luxe","TAP Luxe","The Assembly Place","https://www.theassemblyplace.com/properties/the-centren/","2026-05-31","Codex","hard_filter_reviewed","unit_quality","5","UQ01","air_conditioning","yes","ELIM","yes","","","aircon_confirmed","stored listing evidence confirms air-conditioning in the room or apartment","https://www.theassemblyplace.com/properties/the-centren/"
"the-centren-luxe","TAP Luxe","The Assembly Place","https://www.theassemblyplace.com/properties/the-centren/","2026-05-31","Codex","hard_filter_reviewed","unit_quality","5","UQ02","desk_in_room","yes","ELIM","yes","","","desk_confirmed","stored listing evidence confirms a desk or study table in the room","https://www.theassemblyplace.com/properties/the-centren/"
"the-centren-luxe","TAP Luxe","The Assembly Place","https://www.theassemblyplace.com/properties/the-centren/","2026-05-31","Codex","hard_filter_reviewed","unit_quality","5","UQ03","natural_light_and_window","yes","ELIM","tbd","","","window_daylight_unverified","window and natural-light evidence remains incomplete in the stored listing notes","https://www.theassemblyplace.com/properties/the-centren/"
"the-centren-luxe","TAP Luxe","The Assembly Place","https://www.theassemblyplace.com/properties/the-centren/","2026-05-31","Codex","hard_filter_reviewed","unit_quality","5","UQ04","laundry_access","yes","ELIM","yes","","","laundry_confirmed","stored listing evidence confirms laundry or washer/dryer access in the building or unit","https://www.theassemblyplace.com/properties/the-centren/"
"the-centren-luxe","TAP Luxe","The Assembly Place","https://www.theassemblyplace.com/properties/the-centren/","2026-05-31","Codex","hard_filter_reviewed","trust","6","TR01","student_pass_acceptance","yes","ELIM","yes","","","student_pass_confirmed","student-pass acceptance is explicitly marked yes in the stored listing summary","https://www.theassemblyplace.com/properties/the-centren/"
"the-centren-luxe","TAP Luxe","The Assembly Place","https://www.theassemblyplace.com/properties/the-centren/","2026-05-31","Codex","hard_filter_reviewed","trust","6","TR02","landlord_or_agent_verifiability","yes","ELIM","yes","","","operator_verifiable","the listing sits on an approved direct operator or property page with a traceable host identity","https://www.theassemblyplace.com/properties/the-centren/"
"the-centren-luxe","TAP Luxe","The Assembly Place","https://www.theassemblyplace.com/properties/the-centren/","2026-05-31","Codex","hard_filter_reviewed","trust","6","TR03","proof_of_property_control","yes","ELIM","yes","","","property_control_plausible","the listing is on a direct operator-controlled property page, so proof of control should be obtainable","https://www.theassemblyplace.com/properties/the-centren/"
"the-centren-luxe","TAP Luxe","The Assembly Place","https://www.theassemblyplace.com/properties/the-centren/","2026-05-31","Codex","hard_filter_reviewed","trust","6","TR04","source_trust_level","yes","ELIM","yes","","","source_approved","source registry status is 'approved'","https://www.theassemblyplace.com/properties/the-centren/"
"tank-road-3-luxe","TAP Luxe","The Assembly Place","https://www.theassemblyplace.com/properties/3-tank-road/","2026-05-31","Codex","hard_filter_reviewed","lease_fit","1","LF01","availability_for_target_dates","yes","ELIM","yes","","","availability_before_target","availability_start is 2026-06-24, which is on or before August 9, 2026","https://www.theassemblyplace.com/properties/3-tank-road/"
"tank-road-3-luxe","TAP Luxe","The Assembly Place","https://www.theassemblyplace.com/properties/3-tank-road/","2026-05-31","Codex","hard_filter_reviewed","cost","2","CO01","monthly_rent","yes","ELIM","no","","","above_sgd_2000_cap","displayed monthly price is S$2200, which exceeds the SGD 2000 hard cap","https://www.theassemblyplace.com/properties/3-tank-road/"
"tank-road-3-luxe","TAP Luxe","The Assembly Place","https://www.theassemblyplace.com/properties/3-tank-road/","2026-05-31","Codex","hard_filter_reviewed","location","3","LC01","commute_time_to_smu","yes","ELIM","tbd","","","commute_unverified","no verified numeric commute value is stored for this listing","https://www.theassemblyplace.com/properties/3-tank-road/"
"tank-road-3-luxe","TAP Luxe","The Assembly Place","https://www.theassemblyplace.com/properties/3-tank-road/","2026-05-31","Codex","hard_filter_reviewed","living_arrangement","4","LA03","bed_size_for_two","yes","ELIM","yes","","","bed_large_enough","bed evidence is 'Queen Bed', which meets the bigger-than-single requirement","https://www.theassemblyplace.com/properties/3-tank-road/"
"tank-road-3-luxe","TAP Luxe","The Assembly Place","https://www.theassemblyplace.com/properties/3-tank-road/","2026-05-31","Codex","hard_filter_reviewed","unit_quality","5","UQ01","air_conditioning","yes","ELIM","yes","","","aircon_confirmed","stored listing evidence confirms air-conditioning in the room or apartment","https://www.theassemblyplace.com/properties/3-tank-road/"
"tank-road-3-luxe","TAP Luxe","The Assembly Place","https://www.theassemblyplace.com/properties/3-tank-road/","2026-05-31","Codex","hard_filter_reviewed","unit_quality","5","UQ02","desk_in_room","yes","ELIM","yes","","","desk_confirmed","stored listing evidence confirms a desk or study table in the room","https://www.theassemblyplace.com/properties/3-tank-road/"
"tank-road-3-luxe","TAP Luxe","The Assembly Place","https://www.theassemblyplace.com/properties/3-tank-road/","2026-05-31","Codex","hard_filter_reviewed","unit_quality","5","UQ03","natural_light_and_window","yes","ELIM","tbd","","","window_daylight_unverified","window and natural-light evidence remains incomplete in the stored listing notes","https://www.theassemblyplace.com/properties/3-tank-road/"
"tank-road-3-luxe","TAP Luxe","The Assembly Place","https://www.theassemblyplace.com/properties/3-tank-road/","2026-05-31","Codex","hard_filter_reviewed","unit_quality","5","UQ04","laundry_access","yes","ELIM","yes","","","laundry_confirmed","stored listing evidence confirms laundry or washer/dryer access in the building or unit","https://www.theassemblyplace.com/properties/3-tank-road/"
"tank-road-3-luxe","TAP Luxe","The Assembly Place","https://www.theassemblyplace.com/properties/3-tank-road/","2026-05-31","Codex","hard_filter_reviewed","trust","6","TR01","student_pass_acceptance","yes","ELIM","yes","","","student_pass_confirmed","student-pass acceptance is explicitly marked yes in the stored listing summary","https://www.theassemblyplace.com/properties/3-tank-road/"
"tank-road-3-luxe","TAP Luxe","The Assembly Place","https://www.theassemblyplace.com/properties/3-tank-road/","2026-05-31","Codex","hard_filter_reviewed","trust","6","TR02","landlord_or_agent_verifiability","yes","ELIM","yes","","","operator_verifiable","the listing sits on an approved direct operator or property page with a traceable host identity","https://www.theassemblyplace.com/properties/3-tank-road/"
"tank-road-3-luxe","TAP Luxe","The Assembly Place","https://www.theassemblyplace.com/properties/3-tank-road/","2026-05-31","Codex","hard_filter_reviewed","trust","6","TR03","proof_of_property_control","yes","ELIM","yes","","","property_control_plausible","the listing is on a direct operator-controlled property page, so proof of control should be obtainable","https://www.theassemblyplace.com/properties/3-tank-road/"
"tank-road-3-luxe","TAP Luxe","The Assembly Place","https://www.theassemblyplace.com/properties/3-tank-road/","2026-05-31","Codex","hard_filter_reviewed","trust","6","TR04","source_trust_level","yes","ELIM","yes","","","source_approved","source registry status is 'approved'","https://www.theassemblyplace.com/properties/3-tank-road/"
"lyf-bugis-nano-queen","Nano Queen","lyf","https://www.discoverasr.com/en/lyf/singapore/lyf-bugis-singapore/nano-queen","2026-05-31","Codex","hard_filter_reviewed","lease_fit","1","LF01","availability_for_target_dates","yes","ELIM","tbd","","","availability_unverified","exact August 9, 2026 availability is not fully verified in the stored listing evidence","https://www.discoverasr.com/en/lyf/singapore/lyf-bugis-singapore/nano-queen"
"lyf-bugis-nano-queen","Nano Queen","lyf","https://www.discoverasr.com/en/lyf/singapore/lyf-bugis-singapore/nano-queen","2026-05-31","Codex","hard_filter_reviewed","cost","2","CO01","monthly_rent","yes","ELIM","tbd","","","price_or_currency_unresolved","no verified listing-level SGD monthly price is stored, so the SGD 2000 budget cap remains unresolved","https://www.discoverasr.com/en/lyf/singapore/lyf-bugis-singapore/nano-queen"
"lyf-bugis-nano-queen","Nano Queen","lyf","https://www.discoverasr.com/en/lyf/singapore/lyf-bugis-singapore/nano-queen","2026-05-31","Codex","hard_filter_reviewed","location","3","LC01","commute_time_to_smu","yes","ELIM","tbd","","","commute_unverified","no verified numeric commute value is stored for this listing","https://www.discoverasr.com/en/lyf/singapore/lyf-bugis-singapore/nano-queen"
"lyf-bugis-nano-queen","Nano Queen","lyf","https://www.discoverasr.com/en/lyf/singapore/lyf-bugis-singapore/nano-queen","2026-05-31","Codex","hard_filter_reviewed","living_arrangement","4","LA03","bed_size_for_two","yes","ELIM","yes","","","bed_large_enough","bed evidence is 'Queen Bed', which meets the bigger-than-single requirement","https://www.discoverasr.com/en/lyf/singapore/lyf-bugis-singapore/nano-queen"
"lyf-bugis-nano-queen","Nano Queen","lyf","https://www.discoverasr.com/en/lyf/singapore/lyf-bugis-singapore/nano-queen","2026-05-31","Codex","hard_filter_reviewed","unit_quality","5","UQ01","air_conditioning","yes","ELIM","tbd","","","aircon_unverified","air-conditioning is not explicitly confirmed in the stored listing evidence","https://www.discoverasr.com/en/lyf/singapore/lyf-bugis-singapore/nano-queen"
"lyf-bugis-nano-queen","Nano Queen","lyf","https://www.discoverasr.com/en/lyf/singapore/lyf-bugis-singapore/nano-queen","2026-05-31","Codex","hard_filter_reviewed","unit_quality","5","UQ02","desk_in_room","yes","ELIM","yes","","","desk_confirmed","listing review confirms a desk or study table in the room","https://www.discoverasr.com/en/lyf/singapore/lyf-bugis-singapore/nano-queen"
"lyf-bugis-nano-queen","Nano Queen","lyf","https://www.discoverasr.com/en/lyf/singapore/lyf-bugis-singapore/nano-queen","2026-05-31","Codex","hard_filter_reviewed","unit_quality","5","UQ03","natural_light_and_window","yes","ELIM","tbd","","","window_daylight_unverified","window and natural-light evidence remains incomplete in the stored listing notes","https://www.discoverasr.com/en/lyf/singapore/lyf-bugis-singapore/nano-queen"
"lyf-bugis-nano-queen","Nano Queen","lyf","https://www.discoverasr.com/en/lyf/singapore/lyf-bugis-singapore/nano-queen","2026-05-31","Codex","hard_filter_reviewed","unit_quality","5","UQ04","laundry_access","yes","ELIM","tbd","","","laundry_unverified","laundry access is not fully verified in the stored listing evidence","https://www.discoverasr.com/en/lyf/singapore/lyf-bugis-singapore/nano-queen"
"lyf-bugis-nano-queen","Nano Queen","lyf","https://www.discoverasr.com/en/lyf/singapore/lyf-bugis-singapore/nano-queen","2026-05-31","Codex","hard_filter_reviewed","trust","6","TR01","student_pass_acceptance","yes","ELIM","yes","","","student_pass_confirmed","student-pass acceptance is explicitly marked yes in the stored listing summary","https://www.discoverasr.com/en/lyf/singapore/lyf-bugis-singapore/nano-queen"
"lyf-bugis-nano-queen","Nano Queen","lyf","https://www.discoverasr.com/en/lyf/singapore/lyf-bugis-singapore/nano-queen","2026-05-31","Codex","hard_filter_reviewed","trust","6","TR02","landlord_or_agent_verifiability","yes","ELIM","yes","","","operator_verifiable","the listing sits on an approved or conditional direct operator/property page with a traceable host identity","https://www.discoverasr.com/en/lyf/singapore/lyf-bugis-singapore/nano-queen"
"lyf-bugis-nano-queen","Nano Queen","lyf","https://www.discoverasr.com/en/lyf/singapore/lyf-bugis-singapore/nano-queen","2026-05-31","Codex","hard_filter_reviewed","trust","6","TR03","proof_of_property_control","yes","ELIM","yes","","","property_control_plausible","the listing is on a direct operator-controlled property page, so proof of control should be obtainable","https://www.discoverasr.com/en/lyf/singapore/lyf-bugis-singapore/nano-queen"
"lyf-bugis-nano-queen","Nano Queen","lyf","https://www.discoverasr.com/en/lyf/singapore/lyf-bugis-singapore/nano-queen","2026-05-31","Codex","hard_filter_reviewed","trust","6","TR04","source_trust_level","yes","ELIM","yes","","","source_approved","source registry status is 'approved'","https://www.discoverasr.com/en/lyf/singapore/lyf-bugis-singapore/nano-queen"
"lyf-bugis-one-of-a-kind","One of A Kind (Studio)","lyf","https://www.discoverasr.com/en/lyf/singapore/lyf-bugis-singapore/one-of-a-kind-studio","2026-05-31","Codex","hard_filter_reviewed","lease_fit","1","LF01","availability_for_target_dates","yes","ELIM","tbd","","","availability_unverified","exact August 9, 2026 availability is not fully verified in the stored listing evidence","https://www.discoverasr.com/en/lyf/singapore/lyf-bugis-singapore/one-of-a-kind-studio"
"lyf-bugis-one-of-a-kind","One of A Kind (Studio)","lyf","https://www.discoverasr.com/en/lyf/singapore/lyf-bugis-singapore/one-of-a-kind-studio","2026-05-31","Codex","hard_filter_reviewed","cost","2","CO01","monthly_rent","yes","ELIM","tbd","","","price_or_currency_unresolved","no verified listing-level SGD monthly price is stored, so the SGD 2000 budget cap remains unresolved","https://www.discoverasr.com/en/lyf/singapore/lyf-bugis-singapore/one-of-a-kind-studio"
"lyf-bugis-one-of-a-kind","One of A Kind (Studio)","lyf","https://www.discoverasr.com/en/lyf/singapore/lyf-bugis-singapore/one-of-a-kind-studio","2026-05-31","Codex","hard_filter_reviewed","location","3","LC01","commute_time_to_smu","yes","ELIM","tbd","","","commute_unverified","no verified numeric commute value is stored for this listing","https://www.discoverasr.com/en/lyf/singapore/lyf-bugis-singapore/one-of-a-kind-studio"
"lyf-bugis-one-of-a-kind","One of A Kind (Studio)","lyf","https://www.discoverasr.com/en/lyf/singapore/lyf-bugis-singapore/one-of-a-kind-studio","2026-05-31","Codex","hard_filter_reviewed","living_arrangement","4","LA03","bed_size_for_two","yes","ELIM","yes","","","bed_large_enough","bed evidence is 'King Bed', which meets the bigger-than-single requirement","https://www.discoverasr.com/en/lyf/singapore/lyf-bugis-singapore/one-of-a-kind-studio"
"lyf-bugis-one-of-a-kind","One of A Kind (Studio)","lyf","https://www.discoverasr.com/en/lyf/singapore/lyf-bugis-singapore/one-of-a-kind-studio","2026-05-31","Codex","hard_filter_reviewed","unit_quality","5","UQ01","air_conditioning","yes","ELIM","tbd","","","aircon_unverified","air-conditioning is not explicitly confirmed in the stored listing evidence","https://www.discoverasr.com/en/lyf/singapore/lyf-bugis-singapore/one-of-a-kind-studio"
"lyf-bugis-one-of-a-kind","One of A Kind (Studio)","lyf","https://www.discoverasr.com/en/lyf/singapore/lyf-bugis-singapore/one-of-a-kind-studio","2026-05-31","Codex","hard_filter_reviewed","unit_quality","5","UQ02","desk_in_room","yes","ELIM","yes","","","desk_confirmed","listing review confirms a desk or study table in the room","https://www.discoverasr.com/en/lyf/singapore/lyf-bugis-singapore/one-of-a-kind-studio"
"lyf-bugis-one-of-a-kind","One of A Kind (Studio)","lyf","https://www.discoverasr.com/en/lyf/singapore/lyf-bugis-singapore/one-of-a-kind-studio","2026-05-31","Codex","hard_filter_reviewed","unit_quality","5","UQ03","natural_light_and_window","yes","ELIM","tbd","","","window_daylight_unverified","window and natural-light evidence remains incomplete in the stored listing notes","https://www.discoverasr.com/en/lyf/singapore/lyf-bugis-singapore/one-of-a-kind-studio"
"lyf-bugis-one-of-a-kind","One of A Kind (Studio)","lyf","https://www.discoverasr.com/en/lyf/singapore/lyf-bugis-singapore/one-of-a-kind-studio","2026-05-31","Codex","hard_filter_reviewed","unit_quality","5","UQ04","laundry_access","yes","ELIM","tbd","","","laundry_unverified","laundry access is not fully verified in the stored listing evidence","https://www.discoverasr.com/en/lyf/singapore/lyf-bugis-singapore/one-of-a-kind-studio"
"lyf-bugis-one-of-a-kind","One of A Kind (Studio)","lyf","https://www.discoverasr.com/en/lyf/singapore/lyf-bugis-singapore/one-of-a-kind-studio","2026-05-31","Codex","hard_filter_reviewed","trust","6","TR01","student_pass_acceptance","yes","ELIM","yes","","","student_pass_confirmed","student-pass acceptance is explicitly marked yes in the stored listing summary","https://www.discoverasr.com/en/lyf/singapore/lyf-bugis-singapore/one-of-a-kind-studio"
"lyf-bugis-one-of-a-kind","One of A Kind (Studio)","lyf","https://www.discoverasr.com/en/lyf/singapore/lyf-bugis-singapore/one-of-a-kind-studio","2026-05-31","Codex","hard_filter_reviewed","trust","6","TR02","landlord_or_agent_verifiability","yes","ELIM","yes","","","operator_verifiable","the listing sits on an approved or conditional direct operator/property page with a traceable host identity","https://www.discoverasr.com/en/lyf/singapore/lyf-bugis-singapore/one-of-a-kind-studio"
"lyf-bugis-one-of-a-kind","One of A Kind (Studio)","lyf","https://www.discoverasr.com/en/lyf/singapore/lyf-bugis-singapore/one-of-a-kind-studio","2026-05-31","Codex","hard_filter_reviewed","trust","6","TR03","proof_of_property_control","yes","ELIM","yes","","","property_control_plausible","the listing is on a direct operator-controlled property page, so proof of control should be obtainable","https://www.discoverasr.com/en/lyf/singapore/lyf-bugis-singapore/one-of-a-kind-studio"
"lyf-bugis-one-of-a-kind","One of A Kind (Studio)","lyf","https://www.discoverasr.com/en/lyf/singapore/lyf-bugis-singapore/one-of-a-kind-studio","2026-05-31","Codex","hard_filter_reviewed","trust","6","TR04","source_trust_level","yes","ELIM","yes","","","source_approved","source registry status is 'approved'","https://www.discoverasr.com/en/lyf/singapore/lyf-bugis-singapore/one-of-a-kind-studio"
"lyf-bugis-one-of-a-kind-plus","One of A Kind Plus (Studio Premier)","lyf","https://www.discoverasr.com/en/lyf/singapore/lyf-bugis-singapore/one-of-a-kind-plus-studio-premier","2026-05-31","Codex","hard_filter_reviewed","lease_fit","1","LF01","availability_for_target_dates","yes","ELIM","tbd","","","availability_unverified","exact August 9, 2026 availability is not fully verified in the stored listing evidence","https://www.discoverasr.com/en/lyf/singapore/lyf-bugis-singapore/one-of-a-kind-plus-studio-premier"
"lyf-bugis-one-of-a-kind-plus","One of A Kind Plus (Studio Premier)","lyf","https://www.discoverasr.com/en/lyf/singapore/lyf-bugis-singapore/one-of-a-kind-plus-studio-premier","2026-05-31","Codex","hard_filter_reviewed","cost","2","CO01","monthly_rent","yes","ELIM","tbd","","","price_or_currency_unresolved","no verified listing-level SGD monthly price is stored, so the SGD 2000 budget cap remains unresolved","https://www.discoverasr.com/en/lyf/singapore/lyf-bugis-singapore/one-of-a-kind-plus-studio-premier"
"lyf-bugis-one-of-a-kind-plus","One of A Kind Plus (Studio Premier)","lyf","https://www.discoverasr.com/en/lyf/singapore/lyf-bugis-singapore/one-of-a-kind-plus-studio-premier","2026-05-31","Codex","hard_filter_reviewed","location","3","LC01","commute_time_to_smu","yes","ELIM","tbd","","","commute_unverified","no verified numeric commute value is stored for this listing","https://www.discoverasr.com/en/lyf/singapore/lyf-bugis-singapore/one-of-a-kind-plus-studio-premier"
"lyf-bugis-one-of-a-kind-plus","One of A Kind Plus (Studio Premier)","lyf","https://www.discoverasr.com/en/lyf/singapore/lyf-bugis-singapore/one-of-a-kind-plus-studio-premier","2026-05-31","Codex","hard_filter_reviewed","living_arrangement","4","LA03","bed_size_for_two","yes","ELIM","yes","","","bed_large_enough","bed evidence is 'King Bed', which meets the bigger-than-single requirement","https://www.discoverasr.com/en/lyf/singapore/lyf-bugis-singapore/one-of-a-kind-plus-studio-premier"
"lyf-bugis-one-of-a-kind-plus","One of A Kind Plus (Studio Premier)","lyf","https://www.discoverasr.com/en/lyf/singapore/lyf-bugis-singapore/one-of-a-kind-plus-studio-premier","2026-05-31","Codex","hard_filter_reviewed","unit_quality","5","UQ01","air_conditioning","yes","ELIM","tbd","","","aircon_unverified","air-conditioning is not explicitly confirmed in the stored listing evidence","https://www.discoverasr.com/en/lyf/singapore/lyf-bugis-singapore/one-of-a-kind-plus-studio-premier"
"lyf-bugis-one-of-a-kind-plus","One of A Kind Plus (Studio Premier)","lyf","https://www.discoverasr.com/en/lyf/singapore/lyf-bugis-singapore/one-of-a-kind-plus-studio-premier","2026-05-31","Codex","hard_filter_reviewed","unit_quality","5","UQ02","desk_in_room","yes","ELIM","yes","","","desk_confirmed","listing review confirms a desk or study table in the room","https://www.discoverasr.com/en/lyf/singapore/lyf-bugis-singapore/one-of-a-kind-plus-studio-premier"
"lyf-bugis-one-of-a-kind-plus","One of A Kind Plus (Studio Premier)","lyf","https://www.discoverasr.com/en/lyf/singapore/lyf-bugis-singapore/one-of-a-kind-plus-studio-premier","2026-05-31","Codex","hard_filter_reviewed","unit_quality","5","UQ03","natural_light_and_window","yes","ELIM","tbd","","","window_daylight_unverified","window and natural-light evidence remains incomplete in the stored listing notes","https://www.discoverasr.com/en/lyf/singapore/lyf-bugis-singapore/one-of-a-kind-plus-studio-premier"
"lyf-bugis-one-of-a-kind-plus","One of A Kind Plus (Studio Premier)","lyf","https://www.discoverasr.com/en/lyf/singapore/lyf-bugis-singapore/one-of-a-kind-plus-studio-premier","2026-05-31","Codex","hard_filter_reviewed","unit_quality","5","UQ04","laundry_access","yes","ELIM","tbd","","","laundry_unverified","laundry access is not fully verified in the stored listing evidence","https://www.discoverasr.com/en/lyf/singapore/lyf-bugis-singapore/one-of-a-kind-plus-studio-premier"
"lyf-bugis-one-of-a-kind-plus","One of A Kind Plus (Studio Premier)","lyf","https://www.discoverasr.com/en/lyf/singapore/lyf-bugis-singapore/one-of-a-kind-plus-studio-premier","2026-05-31","Codex","hard_filter_reviewed","trust","6","TR01","student_pass_acceptance","yes","ELIM","yes","","","student_pass_confirmed","student-pass acceptance is explicitly marked yes in the stored listing summary","https://www.discoverasr.com/en/lyf/singapore/lyf-bugis-singapore/one-of-a-kind-plus-studio-premier"
"lyf-bugis-one-of-a-kind-plus","One of A Kind Plus (Studio Premier)","lyf","https://www.discoverasr.com/en/lyf/singapore/lyf-bugis-singapore/one-of-a-kind-plus-studio-premier","2026-05-31","Codex","hard_filter_reviewed","trust","6","TR02","landlord_or_agent_verifiability","yes","ELIM","yes","","","operator_verifiable","the listing sits on an approved or conditional direct operator/property page with a traceable host identity","https://www.discoverasr.com/en/lyf/singapore/lyf-bugis-singapore/one-of-a-kind-plus-studio-premier"
"lyf-bugis-one-of-a-kind-plus","One of A Kind Plus (Studio Premier)","lyf","https://www.discoverasr.com/en/lyf/singapore/lyf-bugis-singapore/one-of-a-kind-plus-studio-premier","2026-05-31","Codex","hard_filter_reviewed","trust","6","TR03","proof_of_property_control","yes","ELIM","yes","","","property_control_plausible","the listing is on a direct operator-controlled property page, so proof of control should be obtainable","https://www.discoverasr.com/en/lyf/singapore/lyf-bugis-singapore/one-of-a-kind-plus-studio-premier"
"lyf-bugis-one-of-a-kind-plus","One of A Kind Plus (Studio Premier)","lyf","https://www.discoverasr.com/en/lyf/singapore/lyf-bugis-singapore/one-of-a-kind-plus-studio-premier","2026-05-31","Codex","hard_filter_reviewed","trust","6","TR04","source_trust_level","yes","ELIM","yes","","","source_approved","source registry status is 'approved'","https://www.discoverasr.com/en/lyf/singapore/lyf-bugis-singapore/one-of-a-kind-plus-studio-premier"
"lyf-farrer-one-of-a-kind","One of A Kind (Studio)","lyf","https://www.discoverasr.com/en/lyf/singapore/lyf-farrer-park-singapore/one-of-a-kind-studio","2026-05-31","Codex","hard_filter_reviewed","lease_fit","1","LF01","availability_for_target_dates","yes","ELIM","tbd","","","availability_unverified","exact August 9, 2026 availability is not fully verified in the stored listing evidence","https://www.discoverasr.com/en/lyf/singapore/lyf-farrer-park-singapore/one-of-a-kind-studio"
"lyf-farrer-one-of-a-kind","One of A Kind (Studio)","lyf","https://www.discoverasr.com/en/lyf/singapore/lyf-farrer-park-singapore/one-of-a-kind-studio","2026-05-31","Codex","hard_filter_reviewed","cost","2","CO01","monthly_rent","yes","ELIM","tbd","","","price_or_currency_unresolved","no verified listing-level SGD monthly price is stored, so the SGD 2000 budget cap remains unresolved","https://www.discoverasr.com/en/lyf/singapore/lyf-farrer-park-singapore/one-of-a-kind-studio"
"lyf-farrer-one-of-a-kind","One of A Kind (Studio)","lyf","https://www.discoverasr.com/en/lyf/singapore/lyf-farrer-park-singapore/one-of-a-kind-studio","2026-05-31","Codex","hard_filter_reviewed","location","3","LC01","commute_time_to_smu","yes","ELIM","tbd","","","commute_unverified","no verified numeric commute value is stored for this listing","https://www.discoverasr.com/en/lyf/singapore/lyf-farrer-park-singapore/one-of-a-kind-studio"
"lyf-farrer-one-of-a-kind","One of A Kind (Studio)","lyf","https://www.discoverasr.com/en/lyf/singapore/lyf-farrer-park-singapore/one-of-a-kind-studio","2026-05-31","Codex","hard_filter_reviewed","living_arrangement","4","LA03","bed_size_for_two","yes","ELIM","yes","","","bed_large_enough","bed evidence is 'Queen Bed', which meets the bigger-than-single requirement","https://www.discoverasr.com/en/lyf/singapore/lyf-farrer-park-singapore/one-of-a-kind-studio"
"lyf-farrer-one-of-a-kind","One of A Kind (Studio)","lyf","https://www.discoverasr.com/en/lyf/singapore/lyf-farrer-park-singapore/one-of-a-kind-studio","2026-05-31","Codex","hard_filter_reviewed","unit_quality","5","UQ01","air_conditioning","yes","ELIM","tbd","","","aircon_unverified","air-conditioning is not explicitly confirmed in the stored listing evidence","https://www.discoverasr.com/en/lyf/singapore/lyf-farrer-park-singapore/one-of-a-kind-studio"
"lyf-farrer-one-of-a-kind","One of A Kind (Studio)","lyf","https://www.discoverasr.com/en/lyf/singapore/lyf-farrer-park-singapore/one-of-a-kind-studio","2026-05-31","Codex","hard_filter_reviewed","unit_quality","5","UQ02","desk_in_room","yes","ELIM","yes","","","desk_confirmed","listing review confirms a desk or study table in the room","https://www.discoverasr.com/en/lyf/singapore/lyf-farrer-park-singapore/one-of-a-kind-studio"
"lyf-farrer-one-of-a-kind","One of A Kind (Studio)","lyf","https://www.discoverasr.com/en/lyf/singapore/lyf-farrer-park-singapore/one-of-a-kind-studio","2026-05-31","Codex","hard_filter_reviewed","unit_quality","5","UQ03","natural_light_and_window","yes","ELIM","tbd","","","window_daylight_unverified","window and natural-light evidence remains incomplete in the stored listing notes","https://www.discoverasr.com/en/lyf/singapore/lyf-farrer-park-singapore/one-of-a-kind-studio"
"lyf-farrer-one-of-a-kind","One of A Kind (Studio)","lyf","https://www.discoverasr.com/en/lyf/singapore/lyf-farrer-park-singapore/one-of-a-kind-studio","2026-05-31","Codex","hard_filter_reviewed","unit_quality","5","UQ04","laundry_access","yes","ELIM","tbd","","","laundry_unverified","laundry access is not fully verified in the stored listing evidence","https://www.discoverasr.com/en/lyf/singapore/lyf-farrer-park-singapore/one-of-a-kind-studio"
"lyf-farrer-one-of-a-kind","One of A Kind (Studio)","lyf","https://www.discoverasr.com/en/lyf/singapore/lyf-farrer-park-singapore/one-of-a-kind-studio","2026-05-31","Codex","hard_filter_reviewed","trust","6","TR01","student_pass_acceptance","yes","ELIM","yes","","","student_pass_confirmed","student-pass acceptance is explicitly marked yes in the stored listing summary","https://www.discoverasr.com/en/lyf/singapore/lyf-farrer-park-singapore/one-of-a-kind-studio"
"lyf-farrer-one-of-a-kind","One of A Kind (Studio)","lyf","https://www.discoverasr.com/en/lyf/singapore/lyf-farrer-park-singapore/one-of-a-kind-studio","2026-05-31","Codex","hard_filter_reviewed","trust","6","TR02","landlord_or_agent_verifiability","yes","ELIM","yes","","","operator_verifiable","the listing sits on an approved or conditional direct operator/property page with a traceable host identity","https://www.discoverasr.com/en/lyf/singapore/lyf-farrer-park-singapore/one-of-a-kind-studio"
"lyf-farrer-one-of-a-kind","One of A Kind (Studio)","lyf","https://www.discoverasr.com/en/lyf/singapore/lyf-farrer-park-singapore/one-of-a-kind-studio","2026-05-31","Codex","hard_filter_reviewed","trust","6","TR03","proof_of_property_control","yes","ELIM","yes","","","property_control_plausible","the listing is on a direct operator-controlled property page, so proof of control should be obtainable","https://www.discoverasr.com/en/lyf/singapore/lyf-farrer-park-singapore/one-of-a-kind-studio"
"lyf-farrer-one-of-a-kind","One of A Kind (Studio)","lyf","https://www.discoverasr.com/en/lyf/singapore/lyf-farrer-park-singapore/one-of-a-kind-studio","2026-05-31","Codex","hard_filter_reviewed","trust","6","TR04","source_trust_level","yes","ELIM","yes","","","source_approved","source registry status is 'approved'","https://www.discoverasr.com/en/lyf/singapore/lyf-farrer-park-singapore/one-of-a-kind-studio"
"lyf-funan-one-of-a-kind","One of a Kind (Studio)","lyf","https://www.discoverasr.com/en/lyf/singapore/lyf-funan-singapore","2026-05-31","Codex","hard_filter_reviewed","lease_fit","1","LF01","availability_for_target_dates","yes","ELIM","tbd","","","availability_unverified","exact August 9, 2026 availability is not fully verified in the stored listing evidence","https://www.discoverasr.com/en/lyf/singapore/lyf-funan-singapore"
"lyf-funan-one-of-a-kind","One of a Kind (Studio)","lyf","https://www.discoverasr.com/en/lyf/singapore/lyf-funan-singapore","2026-05-31","Codex","hard_filter_reviewed","cost","2","CO01","monthly_rent","yes","ELIM","tbd","","","price_or_currency_unresolved","no verified listing-level SGD monthly price is stored, so the SGD 2000 budget cap remains unresolved","https://www.discoverasr.com/en/lyf/singapore/lyf-funan-singapore"
"lyf-funan-one-of-a-kind","One of a Kind (Studio)","lyf","https://www.discoverasr.com/en/lyf/singapore/lyf-funan-singapore","2026-05-31","Codex","hard_filter_reviewed","location","3","LC01","commute_time_to_smu","yes","ELIM","tbd","","","commute_unverified","no verified numeric commute value is stored for this listing","https://www.discoverasr.com/en/lyf/singapore/lyf-funan-singapore"
"lyf-funan-one-of-a-kind","One of a Kind (Studio)","lyf","https://www.discoverasr.com/en/lyf/singapore/lyf-funan-singapore","2026-05-31","Codex","hard_filter_reviewed","living_arrangement","4","LA03","bed_size_for_two","yes","ELIM","yes","","","bed_large_enough","bed evidence is 'unknown', which meets the bigger-than-single requirement","https://www.discoverasr.com/en/lyf/singapore/lyf-funan-singapore"
"lyf-funan-one-of-a-kind","One of a Kind (Studio)","lyf","https://www.discoverasr.com/en/lyf/singapore/lyf-funan-singapore","2026-05-31","Codex","hard_filter_reviewed","unit_quality","5","UQ01","air_conditioning","yes","ELIM","tbd","","","aircon_unverified","air-conditioning is not explicitly confirmed in the stored listing evidence","https://www.discoverasr.com/en/lyf/singapore/lyf-funan-singapore"
"lyf-funan-one-of-a-kind","One of a Kind (Studio)","lyf","https://www.discoverasr.com/en/lyf/singapore/lyf-funan-singapore","2026-05-31","Codex","hard_filter_reviewed","unit_quality","5","UQ02","desk_in_room","yes","ELIM","yes","","","desk_confirmed","listing review confirms a desk or study table in the room","https://www.discoverasr.com/en/lyf/singapore/lyf-funan-singapore"
"lyf-funan-one-of-a-kind","One of a Kind (Studio)","lyf","https://www.discoverasr.com/en/lyf/singapore/lyf-funan-singapore","2026-05-31","Codex","hard_filter_reviewed","unit_quality","5","UQ03","natural_light_and_window","yes","ELIM","tbd","","","window_daylight_unverified","window and natural-light evidence remains incomplete in the stored listing notes","https://www.discoverasr.com/en/lyf/singapore/lyf-funan-singapore"
"lyf-funan-one-of-a-kind","One of a Kind (Studio)","lyf","https://www.discoverasr.com/en/lyf/singapore/lyf-funan-singapore","2026-05-31","Codex","hard_filter_reviewed","unit_quality","5","UQ04","laundry_access","yes","ELIM","tbd","","","laundry_unverified","laundry access is not fully verified in the stored listing evidence","https://www.discoverasr.com/en/lyf/singapore/lyf-funan-singapore"
"lyf-funan-one-of-a-kind","One of a Kind (Studio)","lyf","https://www.discoverasr.com/en/lyf/singapore/lyf-funan-singapore","2026-05-31","Codex","hard_filter_reviewed","trust","6","TR01","student_pass_acceptance","yes","ELIM","yes","","","student_pass_confirmed","student-pass acceptance is explicitly marked yes in the stored listing summary","https://www.discoverasr.com/en/lyf/singapore/lyf-funan-singapore"
"lyf-funan-one-of-a-kind","One of a Kind (Studio)","lyf","https://www.discoverasr.com/en/lyf/singapore/lyf-funan-singapore","2026-05-31","Codex","hard_filter_reviewed","trust","6","TR02","landlord_or_agent_verifiability","yes","ELIM","yes","","","operator_verifiable","the listing sits on an approved or conditional direct operator/property page with a traceable host identity","https://www.discoverasr.com/en/lyf/singapore/lyf-funan-singapore"
"lyf-funan-one-of-a-kind","One of a Kind (Studio)","lyf","https://www.discoverasr.com/en/lyf/singapore/lyf-funan-singapore","2026-05-31","Codex","hard_filter_reviewed","trust","6","TR03","proof_of_property_control","yes","ELIM","yes","","","property_control_plausible","the listing is on a direct operator-controlled property page, so proof of control should be obtainable","https://www.discoverasr.com/en/lyf/singapore/lyf-funan-singapore"
"lyf-funan-one-of-a-kind","One of a Kind (Studio)","lyf","https://www.discoverasr.com/en/lyf/singapore/lyf-funan-singapore","2026-05-31","Codex","hard_filter_reviewed","trust","6","TR04","source_trust_level","yes","ELIM","yes","","","source_approved","source registry status is 'approved'","https://www.discoverasr.com/en/lyf/singapore/lyf-funan-singapore"
"lyf-funan-one-of-a-kind-plus","One of a Kind Plus (Studio)","lyf","https://www.discoverasr.com/en/lyf/singapore/lyf-funan-singapore/one-of-a-kind-plus-studio","2026-05-31","Codex","hard_filter_reviewed","lease_fit","1","LF01","availability_for_target_dates","yes","ELIM","tbd","","","availability_unverified","exact August 9, 2026 availability is not fully verified in the stored listing evidence","https://www.discoverasr.com/en/lyf/singapore/lyf-funan-singapore/one-of-a-kind-plus-studio"
"lyf-funan-one-of-a-kind-plus","One of a Kind Plus (Studio)","lyf","https://www.discoverasr.com/en/lyf/singapore/lyf-funan-singapore/one-of-a-kind-plus-studio","2026-05-31","Codex","hard_filter_reviewed","cost","2","CO01","monthly_rent","yes","ELIM","tbd","","","price_or_currency_unresolved","no verified listing-level SGD monthly price is stored, so the SGD 2000 budget cap remains unresolved","https://www.discoverasr.com/en/lyf/singapore/lyf-funan-singapore/one-of-a-kind-plus-studio"
"lyf-funan-one-of-a-kind-plus","One of a Kind Plus (Studio)","lyf","https://www.discoverasr.com/en/lyf/singapore/lyf-funan-singapore/one-of-a-kind-plus-studio","2026-05-31","Codex","hard_filter_reviewed","location","3","LC01","commute_time_to_smu","yes","ELIM","tbd","","","commute_unverified","no verified numeric commute value is stored for this listing","https://www.discoverasr.com/en/lyf/singapore/lyf-funan-singapore/one-of-a-kind-plus-studio"
"lyf-funan-one-of-a-kind-plus","One of a Kind Plus (Studio)","lyf","https://www.discoverasr.com/en/lyf/singapore/lyf-funan-singapore/one-of-a-kind-plus-studio","2026-05-31","Codex","hard_filter_reviewed","living_arrangement","4","LA03","bed_size_for_two","yes","ELIM","yes","","","bed_large_enough","bed evidence is 'Queen Bed', which meets the bigger-than-single requirement","https://www.discoverasr.com/en/lyf/singapore/lyf-funan-singapore/one-of-a-kind-plus-studio"
"lyf-funan-one-of-a-kind-plus","One of a Kind Plus (Studio)","lyf","https://www.discoverasr.com/en/lyf/singapore/lyf-funan-singapore/one-of-a-kind-plus-studio","2026-05-31","Codex","hard_filter_reviewed","unit_quality","5","UQ01","air_conditioning","yes","ELIM","tbd","","","aircon_unverified","air-conditioning is not explicitly confirmed in the stored listing evidence","https://www.discoverasr.com/en/lyf/singapore/lyf-funan-singapore/one-of-a-kind-plus-studio"
"lyf-funan-one-of-a-kind-plus","One of a Kind Plus (Studio)","lyf","https://www.discoverasr.com/en/lyf/singapore/lyf-funan-singapore/one-of-a-kind-plus-studio","2026-05-31","Codex","hard_filter_reviewed","unit_quality","5","UQ02","desk_in_room","yes","ELIM","yes","","","desk_confirmed","listing review confirms a desk or study table in the room","https://www.discoverasr.com/en/lyf/singapore/lyf-funan-singapore/one-of-a-kind-plus-studio"
"lyf-funan-one-of-a-kind-plus","One of a Kind Plus (Studio)","lyf","https://www.discoverasr.com/en/lyf/singapore/lyf-funan-singapore/one-of-a-kind-plus-studio","2026-05-31","Codex","hard_filter_reviewed","unit_quality","5","UQ03","natural_light_and_window","yes","ELIM","tbd","","","window_daylight_unverified","window and natural-light evidence remains incomplete in the stored listing notes","https://www.discoverasr.com/en/lyf/singapore/lyf-funan-singapore/one-of-a-kind-plus-studio"
"lyf-funan-one-of-a-kind-plus","One of a Kind Plus (Studio)","lyf","https://www.discoverasr.com/en/lyf/singapore/lyf-funan-singapore/one-of-a-kind-plus-studio","2026-05-31","Codex","hard_filter_reviewed","unit_quality","5","UQ04","laundry_access","yes","ELIM","tbd","","","laundry_unverified","laundry access is not fully verified in the stored listing evidence","https://www.discoverasr.com/en/lyf/singapore/lyf-funan-singapore/one-of-a-kind-plus-studio"
"lyf-funan-one-of-a-kind-plus","One of a Kind Plus (Studio)","lyf","https://www.discoverasr.com/en/lyf/singapore/lyf-funan-singapore/one-of-a-kind-plus-studio","2026-05-31","Codex","hard_filter_reviewed","trust","6","TR01","student_pass_acceptance","yes","ELIM","yes","","","student_pass_confirmed","student-pass acceptance is explicitly marked yes in the stored listing summary","https://www.discoverasr.com/en/lyf/singapore/lyf-funan-singapore/one-of-a-kind-plus-studio"
"lyf-funan-one-of-a-kind-plus","One of a Kind Plus (Studio)","lyf","https://www.discoverasr.com/en/lyf/singapore/lyf-funan-singapore/one-of-a-kind-plus-studio","2026-05-31","Codex","hard_filter_reviewed","trust","6","TR02","landlord_or_agent_verifiability","yes","ELIM","yes","","","operator_verifiable","the listing sits on an approved or conditional direct operator/property page with a traceable host identity","https://www.discoverasr.com/en/lyf/singapore/lyf-funan-singapore/one-of-a-kind-plus-studio"
"lyf-funan-one-of-a-kind-plus","One of a Kind Plus (Studio)","lyf","https://www.discoverasr.com/en/lyf/singapore/lyf-funan-singapore/one-of-a-kind-plus-studio","2026-05-31","Codex","hard_filter_reviewed","trust","6","TR03","proof_of_property_control","yes","ELIM","yes","","","property_control_plausible","the listing is on a direct operator-controlled property page, so proof of control should be obtainable","https://www.discoverasr.com/en/lyf/singapore/lyf-funan-singapore/one-of-a-kind-plus-studio"
"lyf-funan-one-of-a-kind-plus","One of a Kind Plus (Studio)","lyf","https://www.discoverasr.com/en/lyf/singapore/lyf-funan-singapore/one-of-a-kind-plus-studio","2026-05-31","Codex","hard_filter_reviewed","trust","6","TR04","source_trust_level","yes","ELIM","yes","","","source_approved","source registry status is 'approved'","https://www.discoverasr.com/en/lyf/singapore/lyf-funan-singapore/one-of-a-kind-plus-studio"
"lyf-chinatown-nano-queen","Nano Queen","lyf","https://www.discoverasr.com/en/lyf/singapore/lyf-chinatown-singapore","2026-05-31","Codex","hard_filter_reviewed","lease_fit","1","LF01","availability_for_target_dates","yes","ELIM","yes","","","availability_before_target","availability_start is 2026-07-03, which is on or before August 9, 2026","https://www.discoverasr.com/en/lyf/singapore/lyf-chinatown-singapore"
"lyf-chinatown-nano-queen","Nano Queen","lyf","https://www.discoverasr.com/en/lyf/singapore/lyf-chinatown-singapore","2026-05-31","Codex","hard_filter_reviewed","cost","2","CO01","monthly_rent","yes","ELIM","tbd","","","price_or_currency_unresolved","no verified listing-level SGD monthly price is stored, so the SGD 2000 budget cap remains unresolved","https://www.discoverasr.com/en/lyf/singapore/lyf-chinatown-singapore"
"lyf-chinatown-nano-queen","Nano Queen","lyf","https://www.discoverasr.com/en/lyf/singapore/lyf-chinatown-singapore","2026-05-31","Codex","hard_filter_reviewed","location","3","LC01","commute_time_to_smu","yes","ELIM","tbd","","","commute_unverified","no verified numeric commute value is stored for this listing","https://www.discoverasr.com/en/lyf/singapore/lyf-chinatown-singapore"
"lyf-chinatown-nano-queen","Nano Queen","lyf","https://www.discoverasr.com/en/lyf/singapore/lyf-chinatown-singapore","2026-05-31","Codex","hard_filter_reviewed","living_arrangement","4","LA03","bed_size_for_two","yes","ELIM","yes","","","bed_large_enough","bed evidence is 'Queen Bed', which meets the bigger-than-single requirement","https://www.discoverasr.com/en/lyf/singapore/lyf-chinatown-singapore"
"lyf-chinatown-nano-queen","Nano Queen","lyf","https://www.discoverasr.com/en/lyf/singapore/lyf-chinatown-singapore","2026-05-31","Codex","hard_filter_reviewed","unit_quality","5","UQ01","air_conditioning","yes","ELIM","yes","","","aircon_confirmed","listing review confirms air-conditioning in the room or apartment","https://www.discoverasr.com/en/lyf/singapore/lyf-chinatown-singapore"
"lyf-chinatown-nano-queen","Nano Queen","lyf","https://www.discoverasr.com/en/lyf/singapore/lyf-chinatown-singapore","2026-05-31","Codex","hard_filter_reviewed","unit_quality","5","UQ02","desk_in_room","yes","ELIM","yes","","","desk_confirmed","listing review confirms a desk or study table in the room","https://www.discoverasr.com/en/lyf/singapore/lyf-chinatown-singapore"
"lyf-chinatown-nano-queen","Nano Queen","lyf","https://www.discoverasr.com/en/lyf/singapore/lyf-chinatown-singapore","2026-05-31","Codex","hard_filter_reviewed","unit_quality","5","UQ03","natural_light_and_window","yes","ELIM","tbd","","","window_daylight_unverified","window and natural-light evidence remains incomplete in the stored listing notes","https://www.discoverasr.com/en/lyf/singapore/lyf-chinatown-singapore"
"lyf-chinatown-nano-queen","Nano Queen","lyf","https://www.discoverasr.com/en/lyf/singapore/lyf-chinatown-singapore","2026-05-31","Codex","hard_filter_reviewed","unit_quality","5","UQ04","laundry_access","yes","ELIM","tbd","","","laundry_unverified","laundry access is not fully verified in the stored listing evidence","https://www.discoverasr.com/en/lyf/singapore/lyf-chinatown-singapore"
"lyf-chinatown-nano-queen","Nano Queen","lyf","https://www.discoverasr.com/en/lyf/singapore/lyf-chinatown-singapore","2026-05-31","Codex","hard_filter_reviewed","trust","6","TR01","student_pass_acceptance","yes","ELIM","yes","","","student_pass_confirmed","student-pass acceptance is explicitly marked yes in the stored listing summary","https://www.discoverasr.com/en/lyf/singapore/lyf-chinatown-singapore"
"lyf-chinatown-nano-queen","Nano Queen","lyf","https://www.discoverasr.com/en/lyf/singapore/lyf-chinatown-singapore","2026-05-31","Codex","hard_filter_reviewed","trust","6","TR02","landlord_or_agent_verifiability","yes","ELIM","yes","","","operator_verifiable","the listing sits on an approved or conditional direct operator/property page with a traceable host identity","https://www.discoverasr.com/en/lyf/singapore/lyf-chinatown-singapore"
"lyf-chinatown-nano-queen","Nano Queen","lyf","https://www.discoverasr.com/en/lyf/singapore/lyf-chinatown-singapore","2026-05-31","Codex","hard_filter_reviewed","trust","6","TR03","proof_of_property_control","yes","ELIM","yes","","","property_control_plausible","the listing is on a direct operator-controlled property page, so proof of control should be obtainable","https://www.discoverasr.com/en/lyf/singapore/lyf-chinatown-singapore"
"lyf-chinatown-nano-queen","Nano Queen","lyf","https://www.discoverasr.com/en/lyf/singapore/lyf-chinatown-singapore","2026-05-31","Codex","hard_filter_reviewed","trust","6","TR04","source_trust_level","yes","ELIM","yes","","","source_approved","source registry status is 'approved'","https://www.discoverasr.com/en/lyf/singapore/lyf-chinatown-singapore"
"lyf-chinatown-nano-queen-plus","Nano Queen Plus","lyf","https://www.discoverasr.com/en/lyf/singapore/lyf-chinatown-singapore","2026-05-31","Codex","hard_filter_reviewed","lease_fit","1","LF01","availability_for_target_dates","yes","ELIM","yes","","","availability_before_target","availability_start is 2026-07-03, which is on or before August 9, 2026","https://www.discoverasr.com/en/lyf/singapore/lyf-chinatown-singapore"
"lyf-chinatown-nano-queen-plus","Nano Queen Plus","lyf","https://www.discoverasr.com/en/lyf/singapore/lyf-chinatown-singapore","2026-05-31","Codex","hard_filter_reviewed","cost","2","CO01","monthly_rent","yes","ELIM","tbd","","","price_or_currency_unresolved","no verified listing-level SGD monthly price is stored, so the SGD 2000 budget cap remains unresolved","https://www.discoverasr.com/en/lyf/singapore/lyf-chinatown-singapore"
"lyf-chinatown-nano-queen-plus","Nano Queen Plus","lyf","https://www.discoverasr.com/en/lyf/singapore/lyf-chinatown-singapore","2026-05-31","Codex","hard_filter_reviewed","location","3","LC01","commute_time_to_smu","yes","ELIM","tbd","","","commute_unverified","no verified numeric commute value is stored for this listing","https://www.discoverasr.com/en/lyf/singapore/lyf-chinatown-singapore"
"lyf-chinatown-nano-queen-plus","Nano Queen Plus","lyf","https://www.discoverasr.com/en/lyf/singapore/lyf-chinatown-singapore","2026-05-31","Codex","hard_filter_reviewed","living_arrangement","4","LA03","bed_size_for_two","yes","ELIM","yes","","","bed_large_enough","bed evidence is 'Queen Bed', which meets the bigger-than-single requirement","https://www.discoverasr.com/en/lyf/singapore/lyf-chinatown-singapore"
"lyf-chinatown-nano-queen-plus","Nano Queen Plus","lyf","https://www.discoverasr.com/en/lyf/singapore/lyf-chinatown-singapore","2026-05-31","Codex","hard_filter_reviewed","unit_quality","5","UQ01","air_conditioning","yes","ELIM","yes","","","aircon_confirmed","listing review confirms air-conditioning in the room or apartment","https://www.discoverasr.com/en/lyf/singapore/lyf-chinatown-singapore"
"lyf-chinatown-nano-queen-plus","Nano Queen Plus","lyf","https://www.discoverasr.com/en/lyf/singapore/lyf-chinatown-singapore","2026-05-31","Codex","hard_filter_reviewed","unit_quality","5","UQ02","desk_in_room","yes","ELIM","yes","","","desk_confirmed","listing review confirms a desk or study table in the room","https://www.discoverasr.com/en/lyf/singapore/lyf-chinatown-singapore"
"lyf-chinatown-nano-queen-plus","Nano Queen Plus","lyf","https://www.discoverasr.com/en/lyf/singapore/lyf-chinatown-singapore","2026-05-31","Codex","hard_filter_reviewed","unit_quality","5","UQ03","natural_light_and_window","yes","ELIM","tbd","","","window_daylight_unverified","window and natural-light evidence remains incomplete in the stored listing notes","https://www.discoverasr.com/en/lyf/singapore/lyf-chinatown-singapore"
"lyf-chinatown-nano-queen-plus","Nano Queen Plus","lyf","https://www.discoverasr.com/en/lyf/singapore/lyf-chinatown-singapore","2026-05-31","Codex","hard_filter_reviewed","unit_quality","5","UQ04","laundry_access","yes","ELIM","tbd","","","laundry_unverified","laundry access is not fully verified in the stored listing evidence","https://www.discoverasr.com/en/lyf/singapore/lyf-chinatown-singapore"
"lyf-chinatown-nano-queen-plus","Nano Queen Plus","lyf","https://www.discoverasr.com/en/lyf/singapore/lyf-chinatown-singapore","2026-05-31","Codex","hard_filter_reviewed","trust","6","TR01","student_pass_acceptance","yes","ELIM","yes","","","student_pass_confirmed","student-pass acceptance is explicitly marked yes in the stored listing summary","https://www.discoverasr.com/en/lyf/singapore/lyf-chinatown-singapore"
"lyf-chinatown-nano-queen-plus","Nano Queen Plus","lyf","https://www.discoverasr.com/en/lyf/singapore/lyf-chinatown-singapore","2026-05-31","Codex","hard_filter_reviewed","trust","6","TR02","landlord_or_agent_verifiability","yes","ELIM","yes","","","operator_verifiable","the listing sits on an approved or conditional direct operator/property page with a traceable host identity","https://www.discoverasr.com/en/lyf/singapore/lyf-chinatown-singapore"
"lyf-chinatown-nano-queen-plus","Nano Queen Plus","lyf","https://www.discoverasr.com/en/lyf/singapore/lyf-chinatown-singapore","2026-05-31","Codex","hard_filter_reviewed","trust","6","TR03","proof_of_property_control","yes","ELIM","yes","","","property_control_plausible","the listing is on a direct operator-controlled property page, so proof of control should be obtainable","https://www.discoverasr.com/en/lyf/singapore/lyf-chinatown-singapore"
"lyf-chinatown-nano-queen-plus","Nano Queen Plus","lyf","https://www.discoverasr.com/en/lyf/singapore/lyf-chinatown-singapore","2026-05-31","Codex","hard_filter_reviewed","trust","6","TR04","source_trust_level","yes","ELIM","yes","","","source_approved","source registry status is 'approved'","https://www.discoverasr.com/en/lyf/singapore/lyf-chinatown-singapore"
"lyf-chinatown-one-of-a-kind","One of A Kind","lyf","https://www.discoverasr.com/en/lyf/singapore/lyf-chinatown-singapore","2026-05-31","Codex","hard_filter_reviewed","lease_fit","1","LF01","availability_for_target_dates","yes","ELIM","yes","","","availability_before_target","availability_start is 2026-07-03, which is on or before August 9, 2026","https://www.discoverasr.com/en/lyf/singapore/lyf-chinatown-singapore"
"lyf-chinatown-one-of-a-kind","One of A Kind","lyf","https://www.discoverasr.com/en/lyf/singapore/lyf-chinatown-singapore","2026-05-31","Codex","hard_filter_reviewed","cost","2","CO01","monthly_rent","yes","ELIM","tbd","","","price_or_currency_unresolved","no verified listing-level SGD monthly price is stored, so the SGD 2000 budget cap remains unresolved","https://www.discoverasr.com/en/lyf/singapore/lyf-chinatown-singapore"
"lyf-chinatown-one-of-a-kind","One of A Kind","lyf","https://www.discoverasr.com/en/lyf/singapore/lyf-chinatown-singapore","2026-05-31","Codex","hard_filter_reviewed","location","3","LC01","commute_time_to_smu","yes","ELIM","tbd","","","commute_unverified","no verified numeric commute value is stored for this listing","https://www.discoverasr.com/en/lyf/singapore/lyf-chinatown-singapore"
"lyf-chinatown-one-of-a-kind","One of A Kind","lyf","https://www.discoverasr.com/en/lyf/singapore/lyf-chinatown-singapore","2026-05-31","Codex","hard_filter_reviewed","living_arrangement","4","LA03","bed_size_for_two","yes","ELIM","tbd","","","bed_size_unverified","bed evidence is 'unknown', so fit for two people remains unresolved","https://www.discoverasr.com/en/lyf/singapore/lyf-chinatown-singapore"
"lyf-chinatown-one-of-a-kind","One of A Kind","lyf","https://www.discoverasr.com/en/lyf/singapore/lyf-chinatown-singapore","2026-05-31","Codex","hard_filter_reviewed","unit_quality","5","UQ01","air_conditioning","yes","ELIM","yes","","","aircon_confirmed","listing review confirms air-conditioning in the room or apartment","https://www.discoverasr.com/en/lyf/singapore/lyf-chinatown-singapore"
"lyf-chinatown-one-of-a-kind","One of A Kind","lyf","https://www.discoverasr.com/en/lyf/singapore/lyf-chinatown-singapore","2026-05-31","Codex","hard_filter_reviewed","unit_quality","5","UQ02","desk_in_room","yes","ELIM","yes","","","desk_confirmed","listing review confirms a desk or study table in the room","https://www.discoverasr.com/en/lyf/singapore/lyf-chinatown-singapore"
"lyf-chinatown-one-of-a-kind","One of A Kind","lyf","https://www.discoverasr.com/en/lyf/singapore/lyf-chinatown-singapore","2026-05-31","Codex","hard_filter_reviewed","unit_quality","5","UQ03","natural_light_and_window","yes","ELIM","tbd","","","window_daylight_unverified","window and natural-light evidence remains incomplete in the stored listing notes","https://www.discoverasr.com/en/lyf/singapore/lyf-chinatown-singapore"
"lyf-chinatown-one-of-a-kind","One of A Kind","lyf","https://www.discoverasr.com/en/lyf/singapore/lyf-chinatown-singapore","2026-05-31","Codex","hard_filter_reviewed","unit_quality","5","UQ04","laundry_access","yes","ELIM","tbd","","","laundry_unverified","laundry access is not fully verified in the stored listing evidence","https://www.discoverasr.com/en/lyf/singapore/lyf-chinatown-singapore"
"lyf-chinatown-one-of-a-kind","One of A Kind","lyf","https://www.discoverasr.com/en/lyf/singapore/lyf-chinatown-singapore","2026-05-31","Codex","hard_filter_reviewed","trust","6","TR01","student_pass_acceptance","yes","ELIM","yes","","","student_pass_confirmed","student-pass acceptance is explicitly marked yes in the stored listing summary","https://www.discoverasr.com/en/lyf/singapore/lyf-chinatown-singapore"
"lyf-chinatown-one-of-a-kind","One of A Kind","lyf","https://www.discoverasr.com/en/lyf/singapore/lyf-chinatown-singapore","2026-05-31","Codex","hard_filter_reviewed","trust","6","TR02","landlord_or_agent_verifiability","yes","ELIM","yes","","","operator_verifiable","the listing sits on an approved or conditional direct operator/property page with a traceable host identity","https://www.discoverasr.com/en/lyf/singapore/lyf-chinatown-singapore"
"lyf-chinatown-one-of-a-kind","One of A Kind","lyf","https://www.discoverasr.com/en/lyf/singapore/lyf-chinatown-singapore","2026-05-31","Codex","hard_filter_reviewed","trust","6","TR03","proof_of_property_control","yes","ELIM","yes","","","property_control_plausible","the listing is on a direct operator-controlled property page, so proof of control should be obtainable","https://www.discoverasr.com/en/lyf/singapore/lyf-chinatown-singapore"
"lyf-chinatown-one-of-a-kind","One of A Kind","lyf","https://www.discoverasr.com/en/lyf/singapore/lyf-chinatown-singapore","2026-05-31","Codex","hard_filter_reviewed","trust","6","TR04","source_trust_level","yes","ELIM","yes","","","source_approved","source registry status is 'approved'","https://www.discoverasr.com/en/lyf/singapore/lyf-chinatown-singapore"
"lyf-chinatown-one-of-a-kind-plus","One of A Kind Plus","lyf","https://www.discoverasr.com/en/lyf/singapore/lyf-chinatown-singapore","2026-05-31","Codex","hard_filter_reviewed","lease_fit","1","LF01","availability_for_target_dates","yes","ELIM","yes","","","availability_before_target","availability_start is 2026-07-03, which is on or before August 9, 2026","https://www.discoverasr.com/en/lyf/singapore/lyf-chinatown-singapore"
"lyf-chinatown-one-of-a-kind-plus","One of A Kind Plus","lyf","https://www.discoverasr.com/en/lyf/singapore/lyf-chinatown-singapore","2026-05-31","Codex","hard_filter_reviewed","cost","2","CO01","monthly_rent","yes","ELIM","tbd","","","price_or_currency_unresolved","no verified listing-level SGD monthly price is stored, so the SGD 2000 budget cap remains unresolved","https://www.discoverasr.com/en/lyf/singapore/lyf-chinatown-singapore"
"lyf-chinatown-one-of-a-kind-plus","One of A Kind Plus","lyf","https://www.discoverasr.com/en/lyf/singapore/lyf-chinatown-singapore","2026-05-31","Codex","hard_filter_reviewed","location","3","LC01","commute_time_to_smu","yes","ELIM","tbd","","","commute_unverified","no verified numeric commute value is stored for this listing","https://www.discoverasr.com/en/lyf/singapore/lyf-chinatown-singapore"
"lyf-chinatown-one-of-a-kind-plus","One of A Kind Plus","lyf","https://www.discoverasr.com/en/lyf/singapore/lyf-chinatown-singapore","2026-05-31","Codex","hard_filter_reviewed","living_arrangement","4","LA03","bed_size_for_two","yes","ELIM","tbd","","","bed_size_unverified","bed evidence is 'unknown', so fit for two people remains unresolved","https://www.discoverasr.com/en/lyf/singapore/lyf-chinatown-singapore"
"lyf-chinatown-one-of-a-kind-plus","One of A Kind Plus","lyf","https://www.discoverasr.com/en/lyf/singapore/lyf-chinatown-singapore","2026-05-31","Codex","hard_filter_reviewed","unit_quality","5","UQ01","air_conditioning","yes","ELIM","yes","","","aircon_confirmed","listing review confirms air-conditioning in the room or apartment","https://www.discoverasr.com/en/lyf/singapore/lyf-chinatown-singapore"
"lyf-chinatown-one-of-a-kind-plus","One of A Kind Plus","lyf","https://www.discoverasr.com/en/lyf/singapore/lyf-chinatown-singapore","2026-05-31","Codex","hard_filter_reviewed","unit_quality","5","UQ02","desk_in_room","yes","ELIM","yes","","","desk_confirmed","listing review confirms a desk or study table in the room","https://www.discoverasr.com/en/lyf/singapore/lyf-chinatown-singapore"
"lyf-chinatown-one-of-a-kind-plus","One of A Kind Plus","lyf","https://www.discoverasr.com/en/lyf/singapore/lyf-chinatown-singapore","2026-05-31","Codex","hard_filter_reviewed","unit_quality","5","UQ03","natural_light_and_window","yes","ELIM","tbd","","","window_daylight_unverified","window and natural-light evidence remains incomplete in the stored listing notes","https://www.discoverasr.com/en/lyf/singapore/lyf-chinatown-singapore"
"lyf-chinatown-one-of-a-kind-plus","One of A Kind Plus","lyf","https://www.discoverasr.com/en/lyf/singapore/lyf-chinatown-singapore","2026-05-31","Codex","hard_filter_reviewed","unit_quality","5","UQ04","laundry_access","yes","ELIM","tbd","","","laundry_unverified","laundry access is not fully verified in the stored listing evidence","https://www.discoverasr.com/en/lyf/singapore/lyf-chinatown-singapore"
"lyf-chinatown-one-of-a-kind-plus","One of A Kind Plus","lyf","https://www.discoverasr.com/en/lyf/singapore/lyf-chinatown-singapore","2026-05-31","Codex","hard_filter_reviewed","trust","6","TR01","student_pass_acceptance","yes","ELIM","yes","","","student_pass_confirmed","student-pass acceptance is explicitly marked yes in the stored listing summary","https://www.discoverasr.com/en/lyf/singapore/lyf-chinatown-singapore"
"lyf-chinatown-one-of-a-kind-plus","One of A Kind Plus","lyf","https://www.discoverasr.com/en/lyf/singapore/lyf-chinatown-singapore","2026-05-31","Codex","hard_filter_reviewed","trust","6","TR02","landlord_or_agent_verifiability","yes","ELIM","yes","","","operator_verifiable","the listing sits on an approved or conditional direct operator/property page with a traceable host identity","https://www.discoverasr.com/en/lyf/singapore/lyf-chinatown-singapore"
"lyf-chinatown-one-of-a-kind-plus","One of A Kind Plus","lyf","https://www.discoverasr.com/en/lyf/singapore/lyf-chinatown-singapore","2026-05-31","Codex","hard_filter_reviewed","trust","6","TR03","proof_of_property_control","yes","ELIM","yes","","","property_control_plausible","the listing is on a direct operator-controlled property page, so proof of control should be obtainable","https://www.discoverasr.com/en/lyf/singapore/lyf-chinatown-singapore"
"lyf-chinatown-one-of-a-kind-plus","One of A Kind Plus","lyf","https://www.discoverasr.com/en/lyf/singapore/lyf-chinatown-singapore","2026-05-31","Codex","hard_filter_reviewed","trust","6","TR04","source_trust_level","yes","ELIM","yes","","","source_approved","source registry status is 'approved'","https://www.discoverasr.com/en/lyf/singapore/lyf-chinatown-singapore"
"somerset-bencoolen-one-bedroom-deluxe","One-Bedroom Deluxe","Somerset-Bencoolen (Ascotts)","https://www.discoverasr.com/en/somerset-serviced-residence/singapore/somerset-bencoolen-singapore/one-bedroom-deluxe","2026-05-31","Codex","hard_filter_reviewed","lease_fit","1","LF01","availability_for_target_dates","yes","ELIM","tbd","","","availability_unverified","exact August 9, 2026 availability is not fully verified in the stored listing evidence","https://www.discoverasr.com/en/somerset-serviced-residence/singapore/somerset-bencoolen-singapore/one-bedroom-deluxe"
"somerset-bencoolen-one-bedroom-deluxe","One-Bedroom Deluxe","Somerset-Bencoolen (Ascotts)","https://www.discoverasr.com/en/somerset-serviced-residence/singapore/somerset-bencoolen-singapore/one-bedroom-deluxe","2026-05-31","Codex","hard_filter_reviewed","cost","2","CO01","monthly_rent","yes","ELIM","tbd","","","price_or_currency_unresolved","no verified listing-level SGD monthly price is stored, so the SGD 2000 budget cap remains unresolved","https://www.discoverasr.com/en/somerset-serviced-residence/singapore/somerset-bencoolen-singapore/one-bedroom-deluxe"
"somerset-bencoolen-one-bedroom-deluxe","One-Bedroom Deluxe","Somerset-Bencoolen (Ascotts)","https://www.discoverasr.com/en/somerset-serviced-residence/singapore/somerset-bencoolen-singapore/one-bedroom-deluxe","2026-05-31","Codex","hard_filter_reviewed","location","3","LC01","commute_time_to_smu","yes","ELIM","yes","","","commute_within_cap","stored commute is 8 minutes by walk","https://www.discoverasr.com/en/somerset-serviced-residence/singapore/somerset-bencoolen-singapore/one-bedroom-deluxe"
"somerset-bencoolen-one-bedroom-deluxe","One-Bedroom Deluxe","Somerset-Bencoolen (Ascotts)","https://www.discoverasr.com/en/somerset-serviced-residence/singapore/somerset-bencoolen-singapore/one-bedroom-deluxe","2026-05-31","Codex","hard_filter_reviewed","living_arrangement","4","LA03","bed_size_for_two","yes","ELIM","yes","","","bed_large_enough","bed evidence is 'unknown', which meets the bigger-than-single requirement","https://www.discoverasr.com/en/somerset-serviced-residence/singapore/somerset-bencoolen-singapore/one-bedroom-deluxe"
"somerset-bencoolen-one-bedroom-deluxe","One-Bedroom Deluxe","Somerset-Bencoolen (Ascotts)","https://www.discoverasr.com/en/somerset-serviced-residence/singapore/somerset-bencoolen-singapore/one-bedroom-deluxe","2026-05-31","Codex","hard_filter_reviewed","unit_quality","5","UQ01","air_conditioning","yes","ELIM","tbd","","","aircon_unverified","air-conditioning is not explicitly confirmed in the stored listing evidence","https://www.discoverasr.com/en/somerset-serviced-residence/singapore/somerset-bencoolen-singapore/one-bedroom-deluxe"
"somerset-bencoolen-one-bedroom-deluxe","One-Bedroom Deluxe","Somerset-Bencoolen (Ascotts)","https://www.discoverasr.com/en/somerset-serviced-residence/singapore/somerset-bencoolen-singapore/one-bedroom-deluxe","2026-05-31","Codex","hard_filter_reviewed","unit_quality","5","UQ02","desk_in_room","yes","ELIM","yes","","","desk_confirmed","listing review confirms a desk or study table in the room","https://www.discoverasr.com/en/somerset-serviced-residence/singapore/somerset-bencoolen-singapore/one-bedroom-deluxe"
"somerset-bencoolen-one-bedroom-deluxe","One-Bedroom Deluxe","Somerset-Bencoolen (Ascotts)","https://www.discoverasr.com/en/somerset-serviced-residence/singapore/somerset-bencoolen-singapore/one-bedroom-deluxe","2026-05-31","Codex","hard_filter_reviewed","unit_quality","5","UQ03","natural_light_and_window","yes","ELIM","yes","","","window_daylight_confirmed","listing review records natural light quality as 'yes'","https://www.discoverasr.com/en/somerset-serviced-residence/singapore/somerset-bencoolen-singapore/one-bedroom-deluxe"
"somerset-bencoolen-one-bedroom-deluxe","One-Bedroom Deluxe","Somerset-Bencoolen (Ascotts)","https://www.discoverasr.com/en/somerset-serviced-residence/singapore/somerset-bencoolen-singapore/one-bedroom-deluxe","2026-05-31","Codex","hard_filter_reviewed","unit_quality","5","UQ04","laundry_access","yes","ELIM","tbd","","","laundry_unverified","laundry access is not fully verified in the stored listing evidence","https://www.discoverasr.com/en/somerset-serviced-residence/singapore/somerset-bencoolen-singapore/one-bedroom-deluxe"
"somerset-bencoolen-one-bedroom-deluxe","One-Bedroom Deluxe","Somerset-Bencoolen (Ascotts)","https://www.discoverasr.com/en/somerset-serviced-residence/singapore/somerset-bencoolen-singapore/one-bedroom-deluxe","2026-05-31","Codex","hard_filter_reviewed","trust","6","TR01","student_pass_acceptance","yes","ELIM","yes","","","student_pass_confirmed","student-pass acceptance is explicitly marked yes in the stored listing summary","https://www.discoverasr.com/en/somerset-serviced-residence/singapore/somerset-bencoolen-singapore/one-bedroom-deluxe"
"somerset-bencoolen-one-bedroom-deluxe","One-Bedroom Deluxe","Somerset-Bencoolen (Ascotts)","https://www.discoverasr.com/en/somerset-serviced-residence/singapore/somerset-bencoolen-singapore/one-bedroom-deluxe","2026-05-31","Codex","hard_filter_reviewed","trust","6","TR02","landlord_or_agent_verifiability","yes","ELIM","yes","","","operator_verifiable","the listing sits on an approved or conditional direct operator/property page with a traceable host identity","https://www.discoverasr.com/en/somerset-serviced-residence/singapore/somerset-bencoolen-singapore/one-bedroom-deluxe"
"somerset-bencoolen-one-bedroom-deluxe","One-Bedroom Deluxe","Somerset-Bencoolen (Ascotts)","https://www.discoverasr.com/en/somerset-serviced-residence/singapore/somerset-bencoolen-singapore/one-bedroom-deluxe","2026-05-31","Codex","hard_filter_reviewed","trust","6","TR03","proof_of_property_control","yes","ELIM","yes","","","property_control_plausible","the listing is on a direct operator-controlled property page, so proof of control should be obtainable","https://www.discoverasr.com/en/somerset-serviced-residence/singapore/somerset-bencoolen-singapore/one-bedroom-deluxe"
"somerset-bencoolen-one-bedroom-deluxe","One-Bedroom Deluxe","Somerset-Bencoolen (Ascotts)","https://www.discoverasr.com/en/somerset-serviced-residence/singapore/somerset-bencoolen-singapore/one-bedroom-deluxe","2026-05-31","Codex","hard_filter_reviewed","trust","6","TR04","source_trust_level","yes","ELIM","yes","","","source_approved","source registry status is 'approved'","https://www.discoverasr.com/en/somerset-serviced-residence/singapore/somerset-bencoolen-singapore/one-bedroom-deluxe"
"somerset-bencoolen-one-bedroom-premier","One-Bedroom Premier","Somerset-Bencoolen (Ascotts)","https://www.discoverasr.com/en/somerset-serviced-residence/singapore/somerset-bencoolen-singapore/one-bedroom-premier","2026-05-31","Codex","hard_filter_reviewed","lease_fit","1","LF01","availability_for_target_dates","yes","ELIM","tbd","","","availability_unverified","exact August 9, 2026 availability is not fully verified in the stored listing evidence","https://www.discoverasr.com/en/somerset-serviced-residence/singapore/somerset-bencoolen-singapore/one-bedroom-premier"
"somerset-bencoolen-one-bedroom-premier","One-Bedroom Premier","Somerset-Bencoolen (Ascotts)","https://www.discoverasr.com/en/somerset-serviced-residence/singapore/somerset-bencoolen-singapore/one-bedroom-premier","2026-05-31","Codex","hard_filter_reviewed","cost","2","CO01","monthly_rent","yes","ELIM","tbd","","","price_or_currency_unresolved","no verified listing-level SGD monthly price is stored, so the SGD 2000 budget cap remains unresolved","https://www.discoverasr.com/en/somerset-serviced-residence/singapore/somerset-bencoolen-singapore/one-bedroom-premier"
"somerset-bencoolen-one-bedroom-premier","One-Bedroom Premier","Somerset-Bencoolen (Ascotts)","https://www.discoverasr.com/en/somerset-serviced-residence/singapore/somerset-bencoolen-singapore/one-bedroom-premier","2026-05-31","Codex","hard_filter_reviewed","location","3","LC01","commute_time_to_smu","yes","ELIM","yes","","","commute_within_cap","stored commute is 8 minutes by walk","https://www.discoverasr.com/en/somerset-serviced-residence/singapore/somerset-bencoolen-singapore/one-bedroom-premier"
"somerset-bencoolen-one-bedroom-premier","One-Bedroom Premier","Somerset-Bencoolen (Ascotts)","https://www.discoverasr.com/en/somerset-serviced-residence/singapore/somerset-bencoolen-singapore/one-bedroom-premier","2026-05-31","Codex","hard_filter_reviewed","living_arrangement","4","LA03","bed_size_for_two","yes","ELIM","yes","","","bed_large_enough","bed evidence is 'unknown', which meets the bigger-than-single requirement","https://www.discoverasr.com/en/somerset-serviced-residence/singapore/somerset-bencoolen-singapore/one-bedroom-premier"
"somerset-bencoolen-one-bedroom-premier","One-Bedroom Premier","Somerset-Bencoolen (Ascotts)","https://www.discoverasr.com/en/somerset-serviced-residence/singapore/somerset-bencoolen-singapore/one-bedroom-premier","2026-05-31","Codex","hard_filter_reviewed","unit_quality","5","UQ01","air_conditioning","yes","ELIM","tbd","","","aircon_unverified","air-conditioning is not explicitly confirmed in the stored listing evidence","https://www.discoverasr.com/en/somerset-serviced-residence/singapore/somerset-bencoolen-singapore/one-bedroom-premier"
"somerset-bencoolen-one-bedroom-premier","One-Bedroom Premier","Somerset-Bencoolen (Ascotts)","https://www.discoverasr.com/en/somerset-serviced-residence/singapore/somerset-bencoolen-singapore/one-bedroom-premier","2026-05-31","Codex","hard_filter_reviewed","unit_quality","5","UQ02","desk_in_room","yes","ELIM","yes","","","desk_confirmed","listing review confirms a desk or study table in the room","https://www.discoverasr.com/en/somerset-serviced-residence/singapore/somerset-bencoolen-singapore/one-bedroom-premier"
"somerset-bencoolen-one-bedroom-premier","One-Bedroom Premier","Somerset-Bencoolen (Ascotts)","https://www.discoverasr.com/en/somerset-serviced-residence/singapore/somerset-bencoolen-singapore/one-bedroom-premier","2026-05-31","Codex","hard_filter_reviewed","unit_quality","5","UQ03","natural_light_and_window","yes","ELIM","yes","","","window_daylight_confirmed","listing review records natural light quality as 'yes'","https://www.discoverasr.com/en/somerset-serviced-residence/singapore/somerset-bencoolen-singapore/one-bedroom-premier"
"somerset-bencoolen-one-bedroom-premier","One-Bedroom Premier","Somerset-Bencoolen (Ascotts)","https://www.discoverasr.com/en/somerset-serviced-residence/singapore/somerset-bencoolen-singapore/one-bedroom-premier","2026-05-31","Codex","hard_filter_reviewed","unit_quality","5","UQ04","laundry_access","yes","ELIM","tbd","","","laundry_unverified","laundry access is not fully verified in the stored listing evidence","https://www.discoverasr.com/en/somerset-serviced-residence/singapore/somerset-bencoolen-singapore/one-bedroom-premier"
"somerset-bencoolen-one-bedroom-premier","One-Bedroom Premier","Somerset-Bencoolen (Ascotts)","https://www.discoverasr.com/en/somerset-serviced-residence/singapore/somerset-bencoolen-singapore/one-bedroom-premier","2026-05-31","Codex","hard_filter_reviewed","trust","6","TR01","student_pass_acceptance","yes","ELIM","yes","","","student_pass_confirmed","student-pass acceptance is explicitly marked yes in the stored listing summary","https://www.discoverasr.com/en/somerset-serviced-residence/singapore/somerset-bencoolen-singapore/one-bedroom-premier"
"somerset-bencoolen-one-bedroom-premier","One-Bedroom Premier","Somerset-Bencoolen (Ascotts)","https://www.discoverasr.com/en/somerset-serviced-residence/singapore/somerset-bencoolen-singapore/one-bedroom-premier","2026-05-31","Codex","hard_filter_reviewed","trust","6","TR02","landlord_or_agent_verifiability","yes","ELIM","yes","","","operator_verifiable","the listing sits on an approved or conditional direct operator/property page with a traceable host identity","https://www.discoverasr.com/en/somerset-serviced-residence/singapore/somerset-bencoolen-singapore/one-bedroom-premier"
"somerset-bencoolen-one-bedroom-premier","One-Bedroom Premier","Somerset-Bencoolen (Ascotts)","https://www.discoverasr.com/en/somerset-serviced-residence/singapore/somerset-bencoolen-singapore/one-bedroom-premier","2026-05-31","Codex","hard_filter_reviewed","trust","6","TR03","proof_of_property_control","yes","ELIM","yes","","","property_control_plausible","the listing is on a direct operator-controlled property page, so proof of control should be obtainable","https://www.discoverasr.com/en/somerset-serviced-residence/singapore/somerset-bencoolen-singapore/one-bedroom-premier"
"somerset-bencoolen-one-bedroom-premier","One-Bedroom Premier","Somerset-Bencoolen (Ascotts)","https://www.discoverasr.com/en/somerset-serviced-residence/singapore/somerset-bencoolen-singapore/one-bedroom-premier","2026-05-31","Codex","hard_filter_reviewed","trust","6","TR04","source_trust_level","yes","ELIM","yes","","","source_approved","source registry status is 'approved'","https://www.discoverasr.com/en/somerset-serviced-residence/singapore/somerset-bencoolen-singapore/one-bedroom-premier"
"citadines-rochor-studio-premier","Studio Premier","Citadines Singapore","https://www.discoverasr.com/en/citadines/singapore/citadines-rochor-singapore/studio-premier","2026-05-31","Codex","hard_filter_reviewed","lease_fit","1","LF01","availability_for_target_dates","yes","ELIM","tbd","","","availability_unverified","exact August 9, 2026 availability is not fully verified in the stored listing evidence","https://www.discoverasr.com/en/citadines/singapore/citadines-rochor-singapore/studio-premier"
"citadines-rochor-studio-premier","Studio Premier","Citadines Singapore","https://www.discoverasr.com/en/citadines/singapore/citadines-rochor-singapore/studio-premier","2026-05-31","Codex","hard_filter_reviewed","cost","2","CO01","monthly_rent","yes","ELIM","tbd","","","price_or_currency_unresolved","no verified listing-level SGD monthly price is stored, so the SGD 2000 budget cap remains unresolved","https://www.discoverasr.com/en/citadines/singapore/citadines-rochor-singapore/studio-premier"
"citadines-rochor-studio-premier","Studio Premier","Citadines Singapore","https://www.discoverasr.com/en/citadines/singapore/citadines-rochor-singapore/studio-premier","2026-05-31","Codex","hard_filter_reviewed","location","3","LC01","commute_time_to_smu","yes","ELIM","tbd","","","commute_unverified","no verified numeric commute value is stored for this listing","https://www.discoverasr.com/en/citadines/singapore/citadines-rochor-singapore/studio-premier"
"citadines-rochor-studio-premier","Studio Premier","Citadines Singapore","https://www.discoverasr.com/en/citadines/singapore/citadines-rochor-singapore/studio-premier","2026-05-31","Codex","hard_filter_reviewed","living_arrangement","4","LA03","bed_size_for_two","yes","ELIM","yes","","","bed_large_enough","bed evidence is 'Queen Bed', which meets the bigger-than-single requirement","https://www.discoverasr.com/en/citadines/singapore/citadines-rochor-singapore/studio-premier"
"citadines-rochor-studio-premier","Studio Premier","Citadines Singapore","https://www.discoverasr.com/en/citadines/singapore/citadines-rochor-singapore/studio-premier","2026-05-31","Codex","hard_filter_reviewed","unit_quality","5","UQ01","air_conditioning","yes","ELIM","tbd","","","aircon_unverified","air-conditioning is not explicitly confirmed in the stored listing evidence","https://www.discoverasr.com/en/citadines/singapore/citadines-rochor-singapore/studio-premier"
"citadines-rochor-studio-premier","Studio Premier","Citadines Singapore","https://www.discoverasr.com/en/citadines/singapore/citadines-rochor-singapore/studio-premier","2026-05-31","Codex","hard_filter_reviewed","unit_quality","5","UQ02","desk_in_room","yes","ELIM","yes","","","desk_confirmed","listing review confirms a desk or study table in the room","https://www.discoverasr.com/en/citadines/singapore/citadines-rochor-singapore/studio-premier"
"citadines-rochor-studio-premier","Studio Premier","Citadines Singapore","https://www.discoverasr.com/en/citadines/singapore/citadines-rochor-singapore/studio-premier","2026-05-31","Codex","hard_filter_reviewed","unit_quality","5","UQ03","natural_light_and_window","yes","ELIM","yes","","","window_daylight_confirmed","listing review records natural light quality as 'yes'","https://www.discoverasr.com/en/citadines/singapore/citadines-rochor-singapore/studio-premier"
"citadines-rochor-studio-premier","Studio Premier","Citadines Singapore","https://www.discoverasr.com/en/citadines/singapore/citadines-rochor-singapore/studio-premier","2026-05-31","Codex","hard_filter_reviewed","unit_quality","5","UQ04","laundry_access","yes","ELIM","tbd","","","laundry_unverified","laundry access is not fully verified in the stored listing evidence","https://www.discoverasr.com/en/citadines/singapore/citadines-rochor-singapore/studio-premier"
"citadines-rochor-studio-premier","Studio Premier","Citadines Singapore","https://www.discoverasr.com/en/citadines/singapore/citadines-rochor-singapore/studio-premier","2026-05-31","Codex","hard_filter_reviewed","trust","6","TR01","student_pass_acceptance","yes","ELIM","yes","","","student_pass_confirmed","student-pass acceptance is explicitly marked yes in the stored listing summary","https://www.discoverasr.com/en/citadines/singapore/citadines-rochor-singapore/studio-premier"
"citadines-rochor-studio-premier","Studio Premier","Citadines Singapore","https://www.discoverasr.com/en/citadines/singapore/citadines-rochor-singapore/studio-premier","2026-05-31","Codex","hard_filter_reviewed","trust","6","TR02","landlord_or_agent_verifiability","yes","ELIM","yes","","","operator_verifiable","the listing sits on an approved or conditional direct operator/property page with a traceable host identity","https://www.discoverasr.com/en/citadines/singapore/citadines-rochor-singapore/studio-premier"
"citadines-rochor-studio-premier","Studio Premier","Citadines Singapore","https://www.discoverasr.com/en/citadines/singapore/citadines-rochor-singapore/studio-premier","2026-05-31","Codex","hard_filter_reviewed","trust","6","TR03","proof_of_property_control","yes","ELIM","yes","","","property_control_plausible","the listing is on a direct operator-controlled property page, so proof of control should be obtainable","https://www.discoverasr.com/en/citadines/singapore/citadines-rochor-singapore/studio-premier"
"citadines-rochor-studio-premier","Studio Premier","Citadines Singapore","https://www.discoverasr.com/en/citadines/singapore/citadines-rochor-singapore/studio-premier","2026-05-31","Codex","hard_filter_reviewed","trust","6","TR04","source_trust_level","yes","ELIM","yes","","","source_approved","source registry status is 'approved'","https://www.discoverasr.com/en/citadines/singapore/citadines-rochor-singapore/studio-premier"
"citadines-rochor-studio-executive","Studio Executive","Citadines Singapore","https://www.discoverasr.com/en/citadines/singapore/citadines-rochor-singapore/studio-executive","2026-05-31","Codex","hard_filter_reviewed","lease_fit","1","LF01","availability_for_target_dates","yes","ELIM","tbd","","","availability_unverified","exact August 9, 2026 availability is not fully verified in the stored listing evidence","https://www.discoverasr.com/en/citadines/singapore/citadines-rochor-singapore/studio-executive"
"citadines-rochor-studio-executive","Studio Executive","Citadines Singapore","https://www.discoverasr.com/en/citadines/singapore/citadines-rochor-singapore/studio-executive","2026-05-31","Codex","hard_filter_reviewed","cost","2","CO01","monthly_rent","yes","ELIM","tbd","","","price_or_currency_unresolved","no verified listing-level SGD monthly price is stored, so the SGD 2000 budget cap remains unresolved","https://www.discoverasr.com/en/citadines/singapore/citadines-rochor-singapore/studio-executive"
"citadines-rochor-studio-executive","Studio Executive","Citadines Singapore","https://www.discoverasr.com/en/citadines/singapore/citadines-rochor-singapore/studio-executive","2026-05-31","Codex","hard_filter_reviewed","location","3","LC01","commute_time_to_smu","yes","ELIM","tbd","","","commute_unverified","no verified numeric commute value is stored for this listing","https://www.discoverasr.com/en/citadines/singapore/citadines-rochor-singapore/studio-executive"
"citadines-rochor-studio-executive","Studio Executive","Citadines Singapore","https://www.discoverasr.com/en/citadines/singapore/citadines-rochor-singapore/studio-executive","2026-05-31","Codex","hard_filter_reviewed","living_arrangement","4","LA03","bed_size_for_two","yes","ELIM","yes","","","bed_large_enough","bed evidence is 'Queen Bed', which meets the bigger-than-single requirement","https://www.discoverasr.com/en/citadines/singapore/citadines-rochor-singapore/studio-executive"
"citadines-rochor-studio-executive","Studio Executive","Citadines Singapore","https://www.discoverasr.com/en/citadines/singapore/citadines-rochor-singapore/studio-executive","2026-05-31","Codex","hard_filter_reviewed","unit_quality","5","UQ01","air_conditioning","yes","ELIM","tbd","","","aircon_unverified","air-conditioning is not explicitly confirmed in the stored listing evidence","https://www.discoverasr.com/en/citadines/singapore/citadines-rochor-singapore/studio-executive"
"citadines-rochor-studio-executive","Studio Executive","Citadines Singapore","https://www.discoverasr.com/en/citadines/singapore/citadines-rochor-singapore/studio-executive","2026-05-31","Codex","hard_filter_reviewed","unit_quality","5","UQ02","desk_in_room","yes","ELIM","yes","","","desk_confirmed","listing review confirms a desk or study table in the room","https://www.discoverasr.com/en/citadines/singapore/citadines-rochor-singapore/studio-executive"
"citadines-rochor-studio-executive","Studio Executive","Citadines Singapore","https://www.discoverasr.com/en/citadines/singapore/citadines-rochor-singapore/studio-executive","2026-05-31","Codex","hard_filter_reviewed","unit_quality","5","UQ03","natural_light_and_window","yes","ELIM","yes","","","window_daylight_confirmed","listing review records natural light quality as 'yes'","https://www.discoverasr.com/en/citadines/singapore/citadines-rochor-singapore/studio-executive"
"citadines-rochor-studio-executive","Studio Executive","Citadines Singapore","https://www.discoverasr.com/en/citadines/singapore/citadines-rochor-singapore/studio-executive","2026-05-31","Codex","hard_filter_reviewed","unit_quality","5","UQ04","laundry_access","yes","ELIM","tbd","","","laundry_unverified","laundry access is not fully verified in the stored listing evidence","https://www.discoverasr.com/en/citadines/singapore/citadines-rochor-singapore/studio-executive"
"citadines-rochor-studio-executive","Studio Executive","Citadines Singapore","https://www.discoverasr.com/en/citadines/singapore/citadines-rochor-singapore/studio-executive","2026-05-31","Codex","hard_filter_reviewed","trust","6","TR01","student_pass_acceptance","yes","ELIM","yes","","","student_pass_confirmed","student-pass acceptance is explicitly marked yes in the stored listing summary","https://www.discoverasr.com/en/citadines/singapore/citadines-rochor-singapore/studio-executive"
"citadines-rochor-studio-executive","Studio Executive","Citadines Singapore","https://www.discoverasr.com/en/citadines/singapore/citadines-rochor-singapore/studio-executive","2026-05-31","Codex","hard_filter_reviewed","trust","6","TR02","landlord_or_agent_verifiability","yes","ELIM","yes","","","operator_verifiable","the listing sits on an approved or conditional direct operator/property page with a traceable host identity","https://www.discoverasr.com/en/citadines/singapore/citadines-rochor-singapore/studio-executive"
"citadines-rochor-studio-executive","Studio Executive","Citadines Singapore","https://www.discoverasr.com/en/citadines/singapore/citadines-rochor-singapore/studio-executive","2026-05-31","Codex","hard_filter_reviewed","trust","6","TR03","proof_of_property_control","yes","ELIM","yes","","","property_control_plausible","the listing is on a direct operator-controlled property page, so proof of control should be obtainable","https://www.discoverasr.com/en/citadines/singapore/citadines-rochor-singapore/studio-executive"
"citadines-rochor-studio-executive","Studio Executive","Citadines Singapore","https://www.discoverasr.com/en/citadines/singapore/citadines-rochor-singapore/studio-executive","2026-05-31","Codex","hard_filter_reviewed","trust","6","TR04","source_trust_level","yes","ELIM","yes","","","source_approved","source registry status is 'approved'","https://www.discoverasr.com/en/citadines/singapore/citadines-rochor-singapore/studio-executive"
"citadines-rochor-one-bedroom-premier","One-Bedroom Premier","Citadines Singapore","https://www.discoverasr.com/en/citadines/singapore/citadines-rochor-singapore/one-bedroom-premier","2026-05-31","Codex","hard_filter_reviewed","lease_fit","1","LF01","availability_for_target_dates","yes","ELIM","tbd","","","availability_unverified","exact August 9, 2026 availability is not fully verified in the stored listing evidence","https://www.discoverasr.com/en/citadines/singapore/citadines-rochor-singapore/one-bedroom-premier"
"citadines-rochor-one-bedroom-premier","One-Bedroom Premier","Citadines Singapore","https://www.discoverasr.com/en/citadines/singapore/citadines-rochor-singapore/one-bedroom-premier","2026-05-31","Codex","hard_filter_reviewed","cost","2","CO01","monthly_rent","yes","ELIM","tbd","","","price_or_currency_unresolved","no verified listing-level SGD monthly price is stored, so the SGD 2000 budget cap remains unresolved","https://www.discoverasr.com/en/citadines/singapore/citadines-rochor-singapore/one-bedroom-premier"
"citadines-rochor-one-bedroom-premier","One-Bedroom Premier","Citadines Singapore","https://www.discoverasr.com/en/citadines/singapore/citadines-rochor-singapore/one-bedroom-premier","2026-05-31","Codex","hard_filter_reviewed","location","3","LC01","commute_time_to_smu","yes","ELIM","tbd","","","commute_unverified","no verified numeric commute value is stored for this listing","https://www.discoverasr.com/en/citadines/singapore/citadines-rochor-singapore/one-bedroom-premier"
"citadines-rochor-one-bedroom-premier","One-Bedroom Premier","Citadines Singapore","https://www.discoverasr.com/en/citadines/singapore/citadines-rochor-singapore/one-bedroom-premier","2026-05-31","Codex","hard_filter_reviewed","living_arrangement","4","LA03","bed_size_for_two","yes","ELIM","yes","","","bed_large_enough","bed evidence is 'Queen Bed', which meets the bigger-than-single requirement","https://www.discoverasr.com/en/citadines/singapore/citadines-rochor-singapore/one-bedroom-premier"
"citadines-rochor-one-bedroom-premier","One-Bedroom Premier","Citadines Singapore","https://www.discoverasr.com/en/citadines/singapore/citadines-rochor-singapore/one-bedroom-premier","2026-05-31","Codex","hard_filter_reviewed","unit_quality","5","UQ01","air_conditioning","yes","ELIM","tbd","","","aircon_unverified","air-conditioning is not explicitly confirmed in the stored listing evidence","https://www.discoverasr.com/en/citadines/singapore/citadines-rochor-singapore/one-bedroom-premier"
"citadines-rochor-one-bedroom-premier","One-Bedroom Premier","Citadines Singapore","https://www.discoverasr.com/en/citadines/singapore/citadines-rochor-singapore/one-bedroom-premier","2026-05-31","Codex","hard_filter_reviewed","unit_quality","5","UQ02","desk_in_room","yes","ELIM","yes","","","desk_confirmed","listing review confirms a desk or study table in the room","https://www.discoverasr.com/en/citadines/singapore/citadines-rochor-singapore/one-bedroom-premier"
"citadines-rochor-one-bedroom-premier","One-Bedroom Premier","Citadines Singapore","https://www.discoverasr.com/en/citadines/singapore/citadines-rochor-singapore/one-bedroom-premier","2026-05-31","Codex","hard_filter_reviewed","unit_quality","5","UQ03","natural_light_and_window","yes","ELIM","yes","","","window_daylight_confirmed","listing review records natural light quality as 'yes'","https://www.discoverasr.com/en/citadines/singapore/citadines-rochor-singapore/one-bedroom-premier"
"citadines-rochor-one-bedroom-premier","One-Bedroom Premier","Citadines Singapore","https://www.discoverasr.com/en/citadines/singapore/citadines-rochor-singapore/one-bedroom-premier","2026-05-31","Codex","hard_filter_reviewed","unit_quality","5","UQ04","laundry_access","yes","ELIM","yes","","","laundry_confirmed","listing review confirms laundry or washer/dryer access in the building or unit","https://www.discoverasr.com/en/citadines/singapore/citadines-rochor-singapore/one-bedroom-premier"
"citadines-rochor-one-bedroom-premier","One-Bedroom Premier","Citadines Singapore","https://www.discoverasr.com/en/citadines/singapore/citadines-rochor-singapore/one-bedroom-premier","2026-05-31","Codex","hard_filter_reviewed","trust","6","TR01","student_pass_acceptance","yes","ELIM","yes","","","student_pass_confirmed","student-pass acceptance is explicitly marked yes in the stored listing summary","https://www.discoverasr.com/en/citadines/singapore/citadines-rochor-singapore/one-bedroom-premier"
"citadines-rochor-one-bedroom-premier","One-Bedroom Premier","Citadines Singapore","https://www.discoverasr.com/en/citadines/singapore/citadines-rochor-singapore/one-bedroom-premier","2026-05-31","Codex","hard_filter_reviewed","trust","6","TR02","landlord_or_agent_verifiability","yes","ELIM","yes","","","operator_verifiable","the listing sits on an approved or conditional direct operator/property page with a traceable host identity","https://www.discoverasr.com/en/citadines/singapore/citadines-rochor-singapore/one-bedroom-premier"
"citadines-rochor-one-bedroom-premier","One-Bedroom Premier","Citadines Singapore","https://www.discoverasr.com/en/citadines/singapore/citadines-rochor-singapore/one-bedroom-premier","2026-05-31","Codex","hard_filter_reviewed","trust","6","TR03","proof_of_property_control","yes","ELIM","yes","","","property_control_plausible","the listing is on a direct operator-controlled property page, so proof of control should be obtainable","https://www.discoverasr.com/en/citadines/singapore/citadines-rochor-singapore/one-bedroom-premier"
"citadines-rochor-one-bedroom-premier","One-Bedroom Premier","Citadines Singapore","https://www.discoverasr.com/en/citadines/singapore/citadines-rochor-singapore/one-bedroom-premier","2026-05-31","Codex","hard_filter_reviewed","trust","6","TR04","source_trust_level","yes","ELIM","yes","","","source_approved","source registry status is 'approved'","https://www.discoverasr.com/en/citadines/singapore/citadines-rochor-singapore/one-bedroom-premier"
"cove-niven-915","Master Ensuite Room","Cove","https://cove.sg/listings/915-cove-155-master-ensuite-room-24-niven-road","2026-05-31","Codex","hard_filter_reviewed","lease_fit","1","LF01","availability_for_target_dates","yes","ELIM","yes","","","availability_before_target","availability_start is 2026-06-01, which is on or before August 9, 2026","https://cove.sg/listings/915-cove-155-master-ensuite-room-24-niven-road"
"cove-niven-915","Master Ensuite Room","Cove","https://cove.sg/listings/915-cove-155-master-ensuite-room-24-niven-road","2026-05-31","Codex","hard_filter_reviewed","cost","2","CO01","monthly_rent","yes","ELIM","no","","","above_sgd_2000_cap","displayed monthly price is S$2550, which exceeds the SGD 2000 hard cap","https://cove.sg/listings/915-cove-155-master-ensuite-room-24-niven-road"
"cove-niven-915","Master Ensuite Room","Cove","https://cove.sg/listings/915-cove-155-master-ensuite-room-24-niven-road","2026-05-31","Codex","hard_filter_reviewed","location","3","LC01","commute_time_to_smu","yes","ELIM","yes","","","commute_within_cap","stored commute is 10 minutes by walk","https://cove.sg/listings/915-cove-155-master-ensuite-room-24-niven-road"
"cove-niven-915","Master Ensuite Room","Cove","https://cove.sg/listings/915-cove-155-master-ensuite-room-24-niven-road","2026-05-31","Codex","hard_filter_reviewed","living_arrangement","4","LA03","bed_size_for_two","yes","ELIM","yes","","","bed_large_enough","bed evidence is 'Queen Bed', which meets the bigger-than-single requirement","https://cove.sg/listings/915-cove-155-master-ensuite-room-24-niven-road"
"cove-niven-915","Master Ensuite Room","Cove","https://cove.sg/listings/915-cove-155-master-ensuite-room-24-niven-road","2026-05-31","Codex","hard_filter_reviewed","unit_quality","5","UQ01","air_conditioning","yes","ELIM","yes","","","aircon_confirmed","stored listing evidence confirms air-conditioning in the room or apartment","https://cove.sg/listings/915-cove-155-master-ensuite-room-24-niven-road"
"cove-niven-915","Master Ensuite Room","Cove","https://cove.sg/listings/915-cove-155-master-ensuite-room-24-niven-road","2026-05-31","Codex","hard_filter_reviewed","unit_quality","5","UQ02","desk_in_room","yes","ELIM","yes","","","desk_confirmed","stored listing evidence confirms a desk or study table in the room","https://cove.sg/listings/915-cove-155-master-ensuite-room-24-niven-road"
"cove-niven-915","Master Ensuite Room","Cove","https://cove.sg/listings/915-cove-155-master-ensuite-room-24-niven-road","2026-05-31","Codex","hard_filter_reviewed","unit_quality","5","UQ03","natural_light_and_window","yes","ELIM","tbd","","","window_daylight_unverified","window and natural-light evidence remains incomplete in the stored listing notes","https://cove.sg/listings/915-cove-155-master-ensuite-room-24-niven-road"
"cove-niven-915","Master Ensuite Room","Cove","https://cove.sg/listings/915-cove-155-master-ensuite-room-24-niven-road","2026-05-31","Codex","hard_filter_reviewed","unit_quality","5","UQ04","laundry_access","yes","ELIM","yes","","","laundry_confirmed","stored listing evidence confirms laundry or washer/dryer access in the building or unit","https://cove.sg/listings/915-cove-155-master-ensuite-room-24-niven-road"
"cove-niven-915","Master Ensuite Room","Cove","https://cove.sg/listings/915-cove-155-master-ensuite-room-24-niven-road","2026-05-31","Codex","hard_filter_reviewed","trust","6","TR01","student_pass_acceptance","yes","ELIM","yes","","","student_pass_confirmed","student-pass acceptance is explicitly marked yes in the stored listing summary","https://cove.sg/listings/915-cove-155-master-ensuite-room-24-niven-road"
"cove-niven-915","Master Ensuite Room","Cove","https://cove.sg/listings/915-cove-155-master-ensuite-room-24-niven-road","2026-05-31","Codex","hard_filter_reviewed","trust","6","TR02","landlord_or_agent_verifiability","yes","ELIM","yes","","","operator_verifiable","the listing sits on an approved direct operator or property page with a traceable host identity","https://cove.sg/listings/915-cove-155-master-ensuite-room-24-niven-road"
"cove-niven-915","Master Ensuite Room","Cove","https://cove.sg/listings/915-cove-155-master-ensuite-room-24-niven-road","2026-05-31","Codex","hard_filter_reviewed","trust","6","TR03","proof_of_property_control","yes","ELIM","yes","","","property_control_plausible","the listing is on a direct operator-controlled property page, so proof of control should be obtainable","https://cove.sg/listings/915-cove-155-master-ensuite-room-24-niven-road"
"cove-niven-915","Master Ensuite Room","Cove","https://cove.sg/listings/915-cove-155-master-ensuite-room-24-niven-road","2026-05-31","Codex","hard_filter_reviewed","trust","6","TR04","source_trust_level","yes","ELIM","yes","","","source_approved","source registry status is 'approved'","https://cove.sg/listings/915-cove-155-master-ensuite-room-24-niven-road"
"cove-ritzfarrer-671","Master Ensuite Room","Cove","https://cove.sg/listings/671-cove-103-master-ensuite-room-ritzfarrer","2026-05-31","Codex","hard_filter_reviewed","lease_fit","1","LF01","availability_for_target_dates","yes","ELIM","tbd","","","availability_unverified","exact August 9, 2026 availability is not fully verified in the stored listing evidence","https://cove.sg/listings/671-cove-103-master-ensuite-room-ritzfarrer"
"cove-ritzfarrer-671","Master Ensuite Room","Cove","https://cove.sg/listings/671-cove-103-master-ensuite-room-ritzfarrer","2026-05-31","Codex","hard_filter_reviewed","cost","2","CO01","monthly_rent","yes","ELIM","tbd","","","price_or_currency_unresolved","no verified listing-level SGD monthly price is stored, so the SGD 2000 budget cap remains unresolved","https://cove.sg/listings/671-cove-103-master-ensuite-room-ritzfarrer"
"cove-ritzfarrer-671","Master Ensuite Room","Cove","https://cove.sg/listings/671-cove-103-master-ensuite-room-ritzfarrer","2026-05-31","Codex","hard_filter_reviewed","location","3","LC01","commute_time_to_smu","yes","ELIM","yes","","","commute_within_cap","stored commute is 18 minutes by public transport","https://cove.sg/listings/671-cove-103-master-ensuite-room-ritzfarrer"
"cove-ritzfarrer-671","Master Ensuite Room","Cove","https://cove.sg/listings/671-cove-103-master-ensuite-room-ritzfarrer","2026-05-31","Codex","hard_filter_reviewed","living_arrangement","4","LA03","bed_size_for_two","yes","ELIM","yes","","","bed_large_enough","bed evidence is 'King Bed', which meets the bigger-than-single requirement","https://cove.sg/listings/671-cove-103-master-ensuite-room-ritzfarrer"
"cove-ritzfarrer-671","Master Ensuite Room","Cove","https://cove.sg/listings/671-cove-103-master-ensuite-room-ritzfarrer","2026-05-31","Codex","hard_filter_reviewed","unit_quality","5","UQ01","air_conditioning","yes","ELIM","yes","","","aircon_confirmed","listing review confirms air-conditioning in the room or apartment","https://cove.sg/listings/671-cove-103-master-ensuite-room-ritzfarrer"
"cove-ritzfarrer-671","Master Ensuite Room","Cove","https://cove.sg/listings/671-cove-103-master-ensuite-room-ritzfarrer","2026-05-31","Codex","hard_filter_reviewed","unit_quality","5","UQ02","desk_in_room","yes","ELIM","yes","","","desk_confirmed","listing review confirms a desk or study table in the room","https://cove.sg/listings/671-cove-103-master-ensuite-room-ritzfarrer"
"cove-ritzfarrer-671","Master Ensuite Room","Cove","https://cove.sg/listings/671-cove-103-master-ensuite-room-ritzfarrer","2026-05-31","Codex","hard_filter_reviewed","unit_quality","5","UQ03","natural_light_and_window","yes","ELIM","tbd","","","window_daylight_unverified","window and natural-light evidence remains incomplete in the stored listing notes","https://cove.sg/listings/671-cove-103-master-ensuite-room-ritzfarrer"
"cove-ritzfarrer-671","Master Ensuite Room","Cove","https://cove.sg/listings/671-cove-103-master-ensuite-room-ritzfarrer","2026-05-31","Codex","hard_filter_reviewed","unit_quality","5","UQ04","laundry_access","yes","ELIM","yes","","","laundry_confirmed","listing review confirms laundry or washer/dryer access in the building or unit","https://cove.sg/listings/671-cove-103-master-ensuite-room-ritzfarrer"
"cove-ritzfarrer-671","Master Ensuite Room","Cove","https://cove.sg/listings/671-cove-103-master-ensuite-room-ritzfarrer","2026-05-31","Codex","hard_filter_reviewed","trust","6","TR01","student_pass_acceptance","yes","ELIM","yes","","","student_pass_confirmed","student-pass acceptance is explicitly marked yes in the stored listing summary","https://cove.sg/listings/671-cove-103-master-ensuite-room-ritzfarrer"
"cove-ritzfarrer-671","Master Ensuite Room","Cove","https://cove.sg/listings/671-cove-103-master-ensuite-room-ritzfarrer","2026-05-31","Codex","hard_filter_reviewed","trust","6","TR02","landlord_or_agent_verifiability","yes","ELIM","yes","","","operator_verifiable","the listing sits on an approved or conditional direct operator/property page with a traceable host identity","https://cove.sg/listings/671-cove-103-master-ensuite-room-ritzfarrer"
"cove-ritzfarrer-671","Master Ensuite Room","Cove","https://cove.sg/listings/671-cove-103-master-ensuite-room-ritzfarrer","2026-05-31","Codex","hard_filter_reviewed","trust","6","TR03","proof_of_property_control","yes","ELIM","yes","","","property_control_plausible","the listing is on a direct operator-controlled property page, so proof of control should be obtainable","https://cove.sg/listings/671-cove-103-master-ensuite-room-ritzfarrer"
"cove-ritzfarrer-671","Master Ensuite Room","Cove","https://cove.sg/listings/671-cove-103-master-ensuite-room-ritzfarrer","2026-05-31","Codex","hard_filter_reviewed","trust","6","TR04","source_trust_level","yes","ELIM","yes","","","source_approved","source registry status is 'approved'","https://cove.sg/listings/671-cove-103-master-ensuite-room-ritzfarrer"
"cove-plaza-665","Standard Room","Cove","https://cove.sg/listings/665-cove-94-standard-room-the-plaza","2026-05-31","Codex","hard_filter_reviewed","lease_fit","1","LF01","availability_for_target_dates","yes","ELIM","yes","","","availability_before_target","availability_start is 2026-05-15, which is on or before August 9, 2026","https://cove.sg/listings/665-cove-94-standard-room-the-plaza"
"cove-plaza-665","Standard Room","Cove","https://cove.sg/listings/665-cove-94-standard-room-the-plaza","2026-05-31","Codex","hard_filter_reviewed","cost","2","CO01","monthly_rent","yes","ELIM","yes","","","within_sgd_2000_cap","displayed monthly price is S$1900, which is within the SGD 2000 hard cap","https://cove.sg/listings/665-cove-94-standard-room-the-plaza"
"cove-plaza-665","Standard Room","Cove","https://cove.sg/listings/665-cove-94-standard-room-the-plaza","2026-05-31","Codex","hard_filter_reviewed","location","3","LC01","commute_time_to_smu","yes","ELIM","yes","","","commute_within_cap","stored commute is 18 minutes by public transport","https://cove.sg/listings/665-cove-94-standard-room-the-plaza"
"cove-plaza-665","Standard Room","Cove","https://cove.sg/listings/665-cove-94-standard-room-the-plaza","2026-05-31","Codex","hard_filter_reviewed","living_arrangement","4","LA03","bed_size_for_two","yes","ELIM","yes","","","bed_large_enough","bed evidence is 'Queen Bed', which meets the bigger-than-single requirement","https://cove.sg/listings/665-cove-94-standard-room-the-plaza"
"cove-plaza-665","Standard Room","Cove","https://cove.sg/listings/665-cove-94-standard-room-the-plaza","2026-05-31","Codex","hard_filter_reviewed","unit_quality","5","UQ01","air_conditioning","yes","ELIM","yes","","","aircon_confirmed","listing review confirms air-conditioning in the room or apartment","https://cove.sg/listings/665-cove-94-standard-room-the-plaza"
"cove-plaza-665","Standard Room","Cove","https://cove.sg/listings/665-cove-94-standard-room-the-plaza","2026-05-31","Codex","hard_filter_reviewed","unit_quality","5","UQ02","desk_in_room","yes","ELIM","yes","","","desk_confirmed","listing review confirms a desk or study table in the room","https://cove.sg/listings/665-cove-94-standard-room-the-plaza"
"cove-plaza-665","Standard Room","Cove","https://cove.sg/listings/665-cove-94-standard-room-the-plaza","2026-05-31","Codex","hard_filter_reviewed","unit_quality","5","UQ03","natural_light_and_window","yes","ELIM","tbd","","","window_daylight_unverified","window and natural-light evidence remains incomplete in the stored listing notes","https://cove.sg/listings/665-cove-94-standard-room-the-plaza"
"cove-plaza-665","Standard Room","Cove","https://cove.sg/listings/665-cove-94-standard-room-the-plaza","2026-05-31","Codex","hard_filter_reviewed","unit_quality","5","UQ04","laundry_access","yes","ELIM","yes","","","laundry_confirmed","listing review confirms laundry or washer/dryer access in the building or unit","https://cove.sg/listings/665-cove-94-standard-room-the-plaza"
"cove-plaza-665","Standard Room","Cove","https://cove.sg/listings/665-cove-94-standard-room-the-plaza","2026-05-31","Codex","hard_filter_reviewed","trust","6","TR01","student_pass_acceptance","yes","ELIM","yes","","","student_pass_confirmed","student-pass acceptance is explicitly marked yes in the stored listing summary","https://cove.sg/listings/665-cove-94-standard-room-the-plaza"
"cove-plaza-665","Standard Room","Cove","https://cove.sg/listings/665-cove-94-standard-room-the-plaza","2026-05-31","Codex","hard_filter_reviewed","trust","6","TR02","landlord_or_agent_verifiability","yes","ELIM","yes","","","operator_verifiable","the listing sits on an approved or conditional direct operator/property page with a traceable host identity","https://cove.sg/listings/665-cove-94-standard-room-the-plaza"
"cove-plaza-665","Standard Room","Cove","https://cove.sg/listings/665-cove-94-standard-room-the-plaza","2026-05-31","Codex","hard_filter_reviewed","trust","6","TR03","proof_of_property_control","yes","ELIM","yes","","","property_control_plausible","the listing is on a direct operator-controlled property page, so proof of control should be obtainable","https://cove.sg/listings/665-cove-94-standard-room-the-plaza"
"cove-plaza-665","Standard Room","Cove","https://cove.sg/listings/665-cove-94-standard-room-the-plaza","2026-05-31","Codex","hard_filter_reviewed","trust","6","TR04","source_trust_level","yes","ELIM","yes","","","source_approved","source registry status is 'approved'","https://cove.sg/listings/665-cove-94-standard-room-the-plaza"
"cove-foch-1056","Studio","Cove","https://cove.sg/listings/1056-cove-178-studio-52-foch-road","2026-05-31","Codex","hard_filter_reviewed","lease_fit","1","LF01","availability_for_target_dates","yes","ELIM","tbd","","","availability_unverified","exact August 9, 2026 availability is not fully verified in the stored listing evidence","https://cove.sg/listings/1056-cove-178-studio-52-foch-road"
"cove-foch-1056","Studio","Cove","https://cove.sg/listings/1056-cove-178-studio-52-foch-road","2026-05-31","Codex","hard_filter_reviewed","cost","2","CO01","monthly_rent","yes","ELIM","tbd","","","price_or_currency_unresolved","no verified listing-level SGD monthly price is stored, so the SGD 2000 budget cap remains unresolved","https://cove.sg/listings/1056-cove-178-studio-52-foch-road"
"cove-foch-1056","Studio","Cove","https://cove.sg/listings/1056-cove-178-studio-52-foch-road","2026-05-31","Codex","hard_filter_reviewed","location","3","LC01","commute_time_to_smu","yes","ELIM","yes","","","commute_within_cap","stored commute is 18 minutes by public transport","https://cove.sg/listings/1056-cove-178-studio-52-foch-road"
"cove-foch-1056","Studio","Cove","https://cove.sg/listings/1056-cove-178-studio-52-foch-road","2026-05-31","Codex","hard_filter_reviewed","living_arrangement","4","LA03","bed_size_for_two","yes","ELIM","yes","","","bed_large_enough","bed evidence is 'Queen Bed', which meets the bigger-than-single requirement","https://cove.sg/listings/1056-cove-178-studio-52-foch-road"
"cove-foch-1056","Studio","Cove","https://cove.sg/listings/1056-cove-178-studio-52-foch-road","2026-05-31","Codex","hard_filter_reviewed","unit_quality","5","UQ01","air_conditioning","yes","ELIM","yes","","","aircon_confirmed","listing review confirms air-conditioning in the room or apartment","https://cove.sg/listings/1056-cove-178-studio-52-foch-road"
"cove-foch-1056","Studio","Cove","https://cove.sg/listings/1056-cove-178-studio-52-foch-road","2026-05-31","Codex","hard_filter_reviewed","unit_quality","5","UQ02","desk_in_room","yes","ELIM","yes","","","desk_confirmed","listing review confirms a desk or study table in the room","https://cove.sg/listings/1056-cove-178-studio-52-foch-road"
"cove-foch-1056","Studio","Cove","https://cove.sg/listings/1056-cove-178-studio-52-foch-road","2026-05-31","Codex","hard_filter_reviewed","unit_quality","5","UQ03","natural_light_and_window","yes","ELIM","tbd","","","window_daylight_unverified","window and natural-light evidence remains incomplete in the stored listing notes","https://cove.sg/listings/1056-cove-178-studio-52-foch-road"
"cove-foch-1056","Studio","Cove","https://cove.sg/listings/1056-cove-178-studio-52-foch-road","2026-05-31","Codex","hard_filter_reviewed","unit_quality","5","UQ04","laundry_access","yes","ELIM","yes","","","laundry_confirmed","listing review confirms laundry or washer/dryer access in the building or unit","https://cove.sg/listings/1056-cove-178-studio-52-foch-road"
"cove-foch-1056","Studio","Cove","https://cove.sg/listings/1056-cove-178-studio-52-foch-road","2026-05-31","Codex","hard_filter_reviewed","trust","6","TR01","student_pass_acceptance","yes","ELIM","yes","","","student_pass_confirmed","student-pass acceptance is explicitly marked yes in the stored listing summary","https://cove.sg/listings/1056-cove-178-studio-52-foch-road"
"cove-foch-1056","Studio","Cove","https://cove.sg/listings/1056-cove-178-studio-52-foch-road","2026-05-31","Codex","hard_filter_reviewed","trust","6","TR02","landlord_or_agent_verifiability","yes","ELIM","yes","","","operator_verifiable","the listing sits on an approved or conditional direct operator/property page with a traceable host identity","https://cove.sg/listings/1056-cove-178-studio-52-foch-road"
"cove-foch-1056","Studio","Cove","https://cove.sg/listings/1056-cove-178-studio-52-foch-road","2026-05-31","Codex","hard_filter_reviewed","trust","6","TR03","proof_of_property_control","yes","ELIM","yes","","","property_control_plausible","the listing is on a direct operator-controlled property page, so proof of control should be obtainable","https://cove.sg/listings/1056-cove-178-studio-52-foch-road"
"cove-foch-1056","Studio","Cove","https://cove.sg/listings/1056-cove-178-studio-52-foch-road","2026-05-31","Codex","hard_filter_reviewed","trust","6","TR04","source_trust_level","yes","ELIM","yes","","","source_approved","source registry status is 'approved'","https://cove.sg/listings/1056-cove-178-studio-52-foch-road"
"cove-foch-1049","Studio","Cove","https://cove.sg/listings/1049-cove-178-studio-52-foch-road","2026-05-31","Codex","hard_filter_reviewed","lease_fit","1","LF01","availability_for_target_dates","yes","ELIM","tbd","","","availability_unverified","exact August 9, 2026 availability is not fully verified in the stored listing evidence","https://cove.sg/listings/1049-cove-178-studio-52-foch-road"
"cove-foch-1049","Studio","Cove","https://cove.sg/listings/1049-cove-178-studio-52-foch-road","2026-05-31","Codex","hard_filter_reviewed","cost","2","CO01","monthly_rent","yes","ELIM","tbd","","","price_or_currency_unresolved","no verified listing-level SGD monthly price is stored, so the SGD 2000 budget cap remains unresolved","https://cove.sg/listings/1049-cove-178-studio-52-foch-road"
"cove-foch-1049","Studio","Cove","https://cove.sg/listings/1049-cove-178-studio-52-foch-road","2026-05-31","Codex","hard_filter_reviewed","location","3","LC01","commute_time_to_smu","yes","ELIM","yes","","","commute_within_cap","stored commute is 18 minutes by public transport","https://cove.sg/listings/1049-cove-178-studio-52-foch-road"
"cove-foch-1049","Studio","Cove","https://cove.sg/listings/1049-cove-178-studio-52-foch-road","2026-05-31","Codex","hard_filter_reviewed","living_arrangement","4","LA03","bed_size_for_two","yes","ELIM","yes","","","bed_large_enough","bed evidence is 'Queen Bed', which meets the bigger-than-single requirement","https://cove.sg/listings/1049-cove-178-studio-52-foch-road"
"cove-foch-1049","Studio","Cove","https://cove.sg/listings/1049-cove-178-studio-52-foch-road","2026-05-31","Codex","hard_filter_reviewed","unit_quality","5","UQ01","air_conditioning","yes","ELIM","yes","","","aircon_confirmed","listing review confirms air-conditioning in the room or apartment","https://cove.sg/listings/1049-cove-178-studio-52-foch-road"
"cove-foch-1049","Studio","Cove","https://cove.sg/listings/1049-cove-178-studio-52-foch-road","2026-05-31","Codex","hard_filter_reviewed","unit_quality","5","UQ02","desk_in_room","yes","ELIM","yes","","","desk_confirmed","listing review confirms a desk or study table in the room","https://cove.sg/listings/1049-cove-178-studio-52-foch-road"
"cove-foch-1049","Studio","Cove","https://cove.sg/listings/1049-cove-178-studio-52-foch-road","2026-05-31","Codex","hard_filter_reviewed","unit_quality","5","UQ03","natural_light_and_window","yes","ELIM","tbd","","","window_daylight_unverified","window and natural-light evidence remains incomplete in the stored listing notes","https://cove.sg/listings/1049-cove-178-studio-52-foch-road"
"cove-foch-1049","Studio","Cove","https://cove.sg/listings/1049-cove-178-studio-52-foch-road","2026-05-31","Codex","hard_filter_reviewed","unit_quality","5","UQ04","laundry_access","yes","ELIM","yes","","","laundry_confirmed","listing review confirms laundry or washer/dryer access in the building or unit","https://cove.sg/listings/1049-cove-178-studio-52-foch-road"
"cove-foch-1049","Studio","Cove","https://cove.sg/listings/1049-cove-178-studio-52-foch-road","2026-05-31","Codex","hard_filter_reviewed","trust","6","TR01","student_pass_acceptance","yes","ELIM","yes","","","student_pass_confirmed","student-pass acceptance is explicitly marked yes in the stored listing summary","https://cove.sg/listings/1049-cove-178-studio-52-foch-road"
"cove-foch-1049","Studio","Cove","https://cove.sg/listings/1049-cove-178-studio-52-foch-road","2026-05-31","Codex","hard_filter_reviewed","trust","6","TR02","landlord_or_agent_verifiability","yes","ELIM","yes","","","operator_verifiable","the listing sits on an approved or conditional direct operator/property page with a traceable host identity","https://cove.sg/listings/1049-cove-178-studio-52-foch-road"
"cove-foch-1049","Studio","Cove","https://cove.sg/listings/1049-cove-178-studio-52-foch-road","2026-05-31","Codex","hard_filter_reviewed","trust","6","TR03","proof_of_property_control","yes","ELIM","yes","","","property_control_plausible","the listing is on a direct operator-controlled property page, so proof of control should be obtainable","https://cove.sg/listings/1049-cove-178-studio-52-foch-road"
"cove-foch-1049","Studio","Cove","https://cove.sg/listings/1049-cove-178-studio-52-foch-road","2026-05-31","Codex","hard_filter_reviewed","trust","6","TR04","source_trust_level","yes","ELIM","yes","","","source_approved","source registry status is 'approved'","https://cove.sg/listings/1049-cove-178-studio-52-foch-road"
"cove-foch-1038","Studio","Cove","https://cove.sg/listings/1038-cove-178-studio-52-foch-road","2026-05-31","Codex","hard_filter_reviewed","lease_fit","1","LF01","availability_for_target_dates","yes","ELIM","tbd","","","availability_unverified","exact August 9, 2026 availability is not fully verified in the stored listing evidence","https://cove.sg/listings/1038-cove-178-studio-52-foch-road"
"cove-foch-1038","Studio","Cove","https://cove.sg/listings/1038-cove-178-studio-52-foch-road","2026-05-31","Codex","hard_filter_reviewed","cost","2","CO01","monthly_rent","yes","ELIM","tbd","","","price_or_currency_unresolved","no verified listing-level SGD monthly price is stored, so the SGD 2000 budget cap remains unresolved","https://cove.sg/listings/1038-cove-178-studio-52-foch-road"
"cove-foch-1038","Studio","Cove","https://cove.sg/listings/1038-cove-178-studio-52-foch-road","2026-05-31","Codex","hard_filter_reviewed","location","3","LC01","commute_time_to_smu","yes","ELIM","yes","","","commute_within_cap","stored commute is 18 minutes by public transport","https://cove.sg/listings/1038-cove-178-studio-52-foch-road"
"cove-foch-1038","Studio","Cove","https://cove.sg/listings/1038-cove-178-studio-52-foch-road","2026-05-31","Codex","hard_filter_reviewed","living_arrangement","4","LA03","bed_size_for_two","yes","ELIM","yes","","","bed_large_enough","bed evidence is 'Queen Bed', which meets the bigger-than-single requirement","https://cove.sg/listings/1038-cove-178-studio-52-foch-road"
"cove-foch-1038","Studio","Cove","https://cove.sg/listings/1038-cove-178-studio-52-foch-road","2026-05-31","Codex","hard_filter_reviewed","unit_quality","5","UQ01","air_conditioning","yes","ELIM","yes","","","aircon_confirmed","listing review confirms air-conditioning in the room or apartment","https://cove.sg/listings/1038-cove-178-studio-52-foch-road"
"cove-foch-1038","Studio","Cove","https://cove.sg/listings/1038-cove-178-studio-52-foch-road","2026-05-31","Codex","hard_filter_reviewed","unit_quality","5","UQ02","desk_in_room","yes","ELIM","yes","","","desk_confirmed","listing review confirms a desk or study table in the room","https://cove.sg/listings/1038-cove-178-studio-52-foch-road"
"cove-foch-1038","Studio","Cove","https://cove.sg/listings/1038-cove-178-studio-52-foch-road","2026-05-31","Codex","hard_filter_reviewed","unit_quality","5","UQ03","natural_light_and_window","yes","ELIM","tbd","","","window_daylight_unverified","window and natural-light evidence remains incomplete in the stored listing notes","https://cove.sg/listings/1038-cove-178-studio-52-foch-road"
"cove-foch-1038","Studio","Cove","https://cove.sg/listings/1038-cove-178-studio-52-foch-road","2026-05-31","Codex","hard_filter_reviewed","unit_quality","5","UQ04","laundry_access","yes","ELIM","yes","","","laundry_confirmed","listing review confirms laundry or washer/dryer access in the building or unit","https://cove.sg/listings/1038-cove-178-studio-52-foch-road"
"cove-foch-1038","Studio","Cove","https://cove.sg/listings/1038-cove-178-studio-52-foch-road","2026-05-31","Codex","hard_filter_reviewed","trust","6","TR01","student_pass_acceptance","yes","ELIM","yes","","","student_pass_confirmed","student-pass acceptance is explicitly marked yes in the stored listing summary","https://cove.sg/listings/1038-cove-178-studio-52-foch-road"
"cove-foch-1038","Studio","Cove","https://cove.sg/listings/1038-cove-178-studio-52-foch-road","2026-05-31","Codex","hard_filter_reviewed","trust","6","TR02","landlord_or_agent_verifiability","yes","ELIM","yes","","","operator_verifiable","the listing sits on an approved or conditional direct operator/property page with a traceable host identity","https://cove.sg/listings/1038-cove-178-studio-52-foch-road"
"cove-foch-1038","Studio","Cove","https://cove.sg/listings/1038-cove-178-studio-52-foch-road","2026-05-31","Codex","hard_filter_reviewed","trust","6","TR03","proof_of_property_control","yes","ELIM","yes","","","property_control_plausible","the listing is on a direct operator-controlled property page, so proof of control should be obtainable","https://cove.sg/listings/1038-cove-178-studio-52-foch-road"
"cove-foch-1038","Studio","Cove","https://cove.sg/listings/1038-cove-178-studio-52-foch-road","2026-05-31","Codex","hard_filter_reviewed","trust","6","TR04","source_trust_level","yes","ELIM","yes","","","source_approved","source registry status is 'approved'","https://cove.sg/listings/1038-cove-178-studio-52-foch-road"
"cove-foch-1057","Studio","Cove","https://cove.sg/listings/1057-cove-178-studio-52-foch-road","2026-05-31","Codex","hard_filter_reviewed","lease_fit","1","LF01","availability_for_target_dates","yes","ELIM","tbd","","","availability_unverified","exact August 9, 2026 availability is not fully verified in the stored listing evidence","https://cove.sg/listings/1057-cove-178-studio-52-foch-road"
"cove-foch-1057","Studio","Cove","https://cove.sg/listings/1057-cove-178-studio-52-foch-road","2026-05-31","Codex","hard_filter_reviewed","cost","2","CO01","monthly_rent","yes","ELIM","tbd","","","price_or_currency_unresolved","no verified listing-level SGD monthly price is stored, so the SGD 2000 budget cap remains unresolved","https://cove.sg/listings/1057-cove-178-studio-52-foch-road"
"cove-foch-1057","Studio","Cove","https://cove.sg/listings/1057-cove-178-studio-52-foch-road","2026-05-31","Codex","hard_filter_reviewed","location","3","LC01","commute_time_to_smu","yes","ELIM","yes","","","commute_within_cap","stored commute is 18 minutes by public transport","https://cove.sg/listings/1057-cove-178-studio-52-foch-road"
"cove-foch-1057","Studio","Cove","https://cove.sg/listings/1057-cove-178-studio-52-foch-road","2026-05-31","Codex","hard_filter_reviewed","living_arrangement","4","LA03","bed_size_for_two","yes","ELIM","yes","","","bed_large_enough","bed evidence is 'Queen Bed', which meets the bigger-than-single requirement","https://cove.sg/listings/1057-cove-178-studio-52-foch-road"
"cove-foch-1057","Studio","Cove","https://cove.sg/listings/1057-cove-178-studio-52-foch-road","2026-05-31","Codex","hard_filter_reviewed","unit_quality","5","UQ01","air_conditioning","yes","ELIM","yes","","","aircon_confirmed","listing review confirms air-conditioning in the room or apartment","https://cove.sg/listings/1057-cove-178-studio-52-foch-road"
"cove-foch-1057","Studio","Cove","https://cove.sg/listings/1057-cove-178-studio-52-foch-road","2026-05-31","Codex","hard_filter_reviewed","unit_quality","5","UQ02","desk_in_room","yes","ELIM","yes","","","desk_confirmed","listing review confirms a desk or study table in the room","https://cove.sg/listings/1057-cove-178-studio-52-foch-road"
"cove-foch-1057","Studio","Cove","https://cove.sg/listings/1057-cove-178-studio-52-foch-road","2026-05-31","Codex","hard_filter_reviewed","unit_quality","5","UQ03","natural_light_and_window","yes","ELIM","tbd","","","window_daylight_unverified","window and natural-light evidence remains incomplete in the stored listing notes","https://cove.sg/listings/1057-cove-178-studio-52-foch-road"
"cove-foch-1057","Studio","Cove","https://cove.sg/listings/1057-cove-178-studio-52-foch-road","2026-05-31","Codex","hard_filter_reviewed","unit_quality","5","UQ04","laundry_access","yes","ELIM","yes","","","laundry_confirmed","listing review confirms laundry or washer/dryer access in the building or unit","https://cove.sg/listings/1057-cove-178-studio-52-foch-road"
"cove-foch-1057","Studio","Cove","https://cove.sg/listings/1057-cove-178-studio-52-foch-road","2026-05-31","Codex","hard_filter_reviewed","trust","6","TR01","student_pass_acceptance","yes","ELIM","yes","","","student_pass_confirmed","student-pass acceptance is explicitly marked yes in the stored listing summary","https://cove.sg/listings/1057-cove-178-studio-52-foch-road"
"cove-foch-1057","Studio","Cove","https://cove.sg/listings/1057-cove-178-studio-52-foch-road","2026-05-31","Codex","hard_filter_reviewed","trust","6","TR02","landlord_or_agent_verifiability","yes","ELIM","yes","","","operator_verifiable","the listing sits on an approved or conditional direct operator/property page with a traceable host identity","https://cove.sg/listings/1057-cove-178-studio-52-foch-road"
"cove-foch-1057","Studio","Cove","https://cove.sg/listings/1057-cove-178-studio-52-foch-road","2026-05-31","Codex","hard_filter_reviewed","trust","6","TR03","proof_of_property_control","yes","ELIM","yes","","","property_control_plausible","the listing is on a direct operator-controlled property page, so proof of control should be obtainable","https://cove.sg/listings/1057-cove-178-studio-52-foch-road"
"cove-foch-1057","Studio","Cove","https://cove.sg/listings/1057-cove-178-studio-52-foch-road","2026-05-31","Codex","hard_filter_reviewed","trust","6","TR04","source_trust_level","yes","ELIM","yes","","","source_approved","source registry status is 'approved'","https://cove.sg/listings/1057-cove-178-studio-52-foch-road"
"cove-bayron-2268","Standard Room","Cove","https://cove.sg/listings/2268-cove-353-standard-room-the-bayron","2026-05-31","Codex","hard_filter_reviewed","lease_fit","1","LF01","availability_for_target_dates","yes","ELIM","tbd","","","availability_unverified","exact August 9, 2026 availability is not fully verified in the stored listing evidence","https://cove.sg/listings/2268-cove-353-standard-room-the-bayron"
"cove-bayron-2268","Standard Room","Cove","https://cove.sg/listings/2268-cove-353-standard-room-the-bayron","2026-05-31","Codex","hard_filter_reviewed","cost","2","CO01","monthly_rent","yes","ELIM","tbd","","","price_or_currency_unresolved","no verified listing-level SGD monthly price is stored, so the SGD 2000 budget cap remains unresolved","https://cove.sg/listings/2268-cove-353-standard-room-the-bayron"
"cove-bayron-2268","Standard Room","Cove","https://cove.sg/listings/2268-cove-353-standard-room-the-bayron","2026-05-31","Codex","hard_filter_reviewed","location","3","LC01","commute_time_to_smu","yes","ELIM","yes","","","commute_within_cap","stored commute is 18 minutes by public transport","https://cove.sg/listings/2268-cove-353-standard-room-the-bayron"
"cove-bayron-2268","Standard Room","Cove","https://cove.sg/listings/2268-cove-353-standard-room-the-bayron","2026-05-31","Codex","hard_filter_reviewed","living_arrangement","4","LA03","bed_size_for_two","yes","ELIM","yes","","","bed_large_enough","bed evidence is 'Queen Bed', which meets the bigger-than-single requirement","https://cove.sg/listings/2268-cove-353-standard-room-the-bayron"
"cove-bayron-2268","Standard Room","Cove","https://cove.sg/listings/2268-cove-353-standard-room-the-bayron","2026-05-31","Codex","hard_filter_reviewed","unit_quality","5","UQ01","air_conditioning","yes","ELIM","yes","","","aircon_confirmed","listing review confirms air-conditioning in the room or apartment","https://cove.sg/listings/2268-cove-353-standard-room-the-bayron"
"cove-bayron-2268","Standard Room","Cove","https://cove.sg/listings/2268-cove-353-standard-room-the-bayron","2026-05-31","Codex","hard_filter_reviewed","unit_quality","5","UQ02","desk_in_room","yes","ELIM","yes","","","desk_confirmed","listing review confirms a desk or study table in the room","https://cove.sg/listings/2268-cove-353-standard-room-the-bayron"
"cove-bayron-2268","Standard Room","Cove","https://cove.sg/listings/2268-cove-353-standard-room-the-bayron","2026-05-31","Codex","hard_filter_reviewed","unit_quality","5","UQ03","natural_light_and_window","yes","ELIM","tbd","","","window_daylight_unverified","window and natural-light evidence remains incomplete in the stored listing notes","https://cove.sg/listings/2268-cove-353-standard-room-the-bayron"
"cove-bayron-2268","Standard Room","Cove","https://cove.sg/listings/2268-cove-353-standard-room-the-bayron","2026-05-31","Codex","hard_filter_reviewed","unit_quality","5","UQ04","laundry_access","yes","ELIM","yes","","","laundry_confirmed","listing review confirms laundry or washer/dryer access in the building or unit","https://cove.sg/listings/2268-cove-353-standard-room-the-bayron"
"cove-bayron-2268","Standard Room","Cove","https://cove.sg/listings/2268-cove-353-standard-room-the-bayron","2026-05-31","Codex","hard_filter_reviewed","trust","6","TR01","student_pass_acceptance","yes","ELIM","yes","","","student_pass_confirmed","student-pass acceptance is explicitly marked yes in the stored listing summary","https://cove.sg/listings/2268-cove-353-standard-room-the-bayron"
"cove-bayron-2268","Standard Room","Cove","https://cove.sg/listings/2268-cove-353-standard-room-the-bayron","2026-05-31","Codex","hard_filter_reviewed","trust","6","TR02","landlord_or_agent_verifiability","yes","ELIM","yes","","","operator_verifiable","the listing sits on an approved or conditional direct operator/property page with a traceable host identity","https://cove.sg/listings/2268-cove-353-standard-room-the-bayron"
"cove-bayron-2268","Standard Room","Cove","https://cove.sg/listings/2268-cove-353-standard-room-the-bayron","2026-05-31","Codex","hard_filter_reviewed","trust","6","TR03","proof_of_property_control","yes","ELIM","yes","","","property_control_plausible","the listing is on a direct operator-controlled property page, so proof of control should be obtainable","https://cove.sg/listings/2268-cove-353-standard-room-the-bayron"
"cove-bayron-2268","Standard Room","Cove","https://cove.sg/listings/2268-cove-353-standard-room-the-bayron","2026-05-31","Codex","hard_filter_reviewed","trust","6","TR04","source_trust_level","yes","ELIM","yes","","","source_approved","source registry status is 'approved'","https://cove.sg/listings/2268-cove-353-standard-room-the-bayron"
"cove-bayron-2466","Master Ensuite Room","Cove","https://cove.sg/listings/2466-cove-368-master-ensuite-room-the-bayron","2026-05-31","Codex","hard_filter_reviewed","lease_fit","1","LF01","availability_for_target_dates","yes","ELIM","tbd","","","availability_unverified","exact August 9, 2026 availability is not fully verified in the stored listing evidence","https://cove.sg/listings/2466-cove-368-master-ensuite-room-the-bayron"
"cove-bayron-2466","Master Ensuite Room","Cove","https://cove.sg/listings/2466-cove-368-master-ensuite-room-the-bayron","2026-05-31","Codex","hard_filter_reviewed","cost","2","CO01","monthly_rent","yes","ELIM","tbd","","","price_or_currency_unresolved","no verified listing-level SGD monthly price is stored, so the SGD 2000 budget cap remains unresolved","https://cove.sg/listings/2466-cove-368-master-ensuite-room-the-bayron"
"cove-bayron-2466","Master Ensuite Room","Cove","https://cove.sg/listings/2466-cove-368-master-ensuite-room-the-bayron","2026-05-31","Codex","hard_filter_reviewed","location","3","LC01","commute_time_to_smu","yes","ELIM","yes","","","commute_within_cap","stored commute is 18 minutes by public transport","https://cove.sg/listings/2466-cove-368-master-ensuite-room-the-bayron"
"cove-bayron-2466","Master Ensuite Room","Cove","https://cove.sg/listings/2466-cove-368-master-ensuite-room-the-bayron","2026-05-31","Codex","hard_filter_reviewed","living_arrangement","4","LA03","bed_size_for_two","yes","ELIM","yes","","","bed_large_enough","bed evidence is 'Queen Bed', which meets the bigger-than-single requirement","https://cove.sg/listings/2466-cove-368-master-ensuite-room-the-bayron"
"cove-bayron-2466","Master Ensuite Room","Cove","https://cove.sg/listings/2466-cove-368-master-ensuite-room-the-bayron","2026-05-31","Codex","hard_filter_reviewed","unit_quality","5","UQ01","air_conditioning","yes","ELIM","yes","","","aircon_confirmed","listing review confirms air-conditioning in the room or apartment","https://cove.sg/listings/2466-cove-368-master-ensuite-room-the-bayron"
"cove-bayron-2466","Master Ensuite Room","Cove","https://cove.sg/listings/2466-cove-368-master-ensuite-room-the-bayron","2026-05-31","Codex","hard_filter_reviewed","unit_quality","5","UQ02","desk_in_room","yes","ELIM","yes","","","desk_confirmed","listing review confirms a desk or study table in the room","https://cove.sg/listings/2466-cove-368-master-ensuite-room-the-bayron"
"cove-bayron-2466","Master Ensuite Room","Cove","https://cove.sg/listings/2466-cove-368-master-ensuite-room-the-bayron","2026-05-31","Codex","hard_filter_reviewed","unit_quality","5","UQ03","natural_light_and_window","yes","ELIM","tbd","","","window_daylight_unverified","window and natural-light evidence remains incomplete in the stored listing notes","https://cove.sg/listings/2466-cove-368-master-ensuite-room-the-bayron"
"cove-bayron-2466","Master Ensuite Room","Cove","https://cove.sg/listings/2466-cove-368-master-ensuite-room-the-bayron","2026-05-31","Codex","hard_filter_reviewed","unit_quality","5","UQ04","laundry_access","yes","ELIM","yes","","","laundry_confirmed","listing review confirms laundry or washer/dryer access in the building or unit","https://cove.sg/listings/2466-cove-368-master-ensuite-room-the-bayron"
"cove-bayron-2466","Master Ensuite Room","Cove","https://cove.sg/listings/2466-cove-368-master-ensuite-room-the-bayron","2026-05-31","Codex","hard_filter_reviewed","trust","6","TR01","student_pass_acceptance","yes","ELIM","yes","","","student_pass_confirmed","student-pass acceptance is explicitly marked yes in the stored listing summary","https://cove.sg/listings/2466-cove-368-master-ensuite-room-the-bayron"
"cove-bayron-2466","Master Ensuite Room","Cove","https://cove.sg/listings/2466-cove-368-master-ensuite-room-the-bayron","2026-05-31","Codex","hard_filter_reviewed","trust","6","TR02","landlord_or_agent_verifiability","yes","ELIM","yes","","","operator_verifiable","the listing sits on an approved or conditional direct operator/property page with a traceable host identity","https://cove.sg/listings/2466-cove-368-master-ensuite-room-the-bayron"
"cove-bayron-2466","Master Ensuite Room","Cove","https://cove.sg/listings/2466-cove-368-master-ensuite-room-the-bayron","2026-05-31","Codex","hard_filter_reviewed","trust","6","TR03","proof_of_property_control","yes","ELIM","yes","","","property_control_plausible","the listing is on a direct operator-controlled property page, so proof of control should be obtainable","https://cove.sg/listings/2466-cove-368-master-ensuite-room-the-bayron"
"cove-bayron-2466","Master Ensuite Room","Cove","https://cove.sg/listings/2466-cove-368-master-ensuite-room-the-bayron","2026-05-31","Codex","hard_filter_reviewed","trust","6","TR04","source_trust_level","yes","ELIM","yes","","","source_approved","source registry status is 'approved'","https://cove.sg/listings/2466-cove-368-master-ensuite-room-the-bayron"
"cove-bayron-2719","Standard Room","Cove","https://cove.sg/listings/2719-cove-391-standard-room-the-bayron","2026-05-31","Codex","hard_filter_reviewed","lease_fit","1","LF01","availability_for_target_dates","yes","ELIM","tbd","","","availability_unverified","exact August 9, 2026 availability is not fully verified in the stored listing evidence","https://cove.sg/listings/2719-cove-391-standard-room-the-bayron"
"cove-bayron-2719","Standard Room","Cove","https://cove.sg/listings/2719-cove-391-standard-room-the-bayron","2026-05-31","Codex","hard_filter_reviewed","cost","2","CO01","monthly_rent","yes","ELIM","tbd","","","price_or_currency_unresolved","no verified listing-level SGD monthly price is stored, so the SGD 2000 budget cap remains unresolved","https://cove.sg/listings/2719-cove-391-standard-room-the-bayron"
"cove-bayron-2719","Standard Room","Cove","https://cove.sg/listings/2719-cove-391-standard-room-the-bayron","2026-05-31","Codex","hard_filter_reviewed","location","3","LC01","commute_time_to_smu","yes","ELIM","yes","","","commute_within_cap","stored commute is 18 minutes by public transport","https://cove.sg/listings/2719-cove-391-standard-room-the-bayron"
"cove-bayron-2719","Standard Room","Cove","https://cove.sg/listings/2719-cove-391-standard-room-the-bayron","2026-05-31","Codex","hard_filter_reviewed","living_arrangement","4","LA03","bed_size_for_two","yes","ELIM","yes","","","bed_large_enough","bed evidence is 'Queen Bed', which meets the bigger-than-single requirement","https://cove.sg/listings/2719-cove-391-standard-room-the-bayron"
"cove-bayron-2719","Standard Room","Cove","https://cove.sg/listings/2719-cove-391-standard-room-the-bayron","2026-05-31","Codex","hard_filter_reviewed","unit_quality","5","UQ01","air_conditioning","yes","ELIM","yes","","","aircon_confirmed","listing review confirms air-conditioning in the room or apartment","https://cove.sg/listings/2719-cove-391-standard-room-the-bayron"
"cove-bayron-2719","Standard Room","Cove","https://cove.sg/listings/2719-cove-391-standard-room-the-bayron","2026-05-31","Codex","hard_filter_reviewed","unit_quality","5","UQ02","desk_in_room","yes","ELIM","yes","","","desk_confirmed","listing review confirms a desk or study table in the room","https://cove.sg/listings/2719-cove-391-standard-room-the-bayron"
"cove-bayron-2719","Standard Room","Cove","https://cove.sg/listings/2719-cove-391-standard-room-the-bayron","2026-05-31","Codex","hard_filter_reviewed","unit_quality","5","UQ03","natural_light_and_window","yes","ELIM","tbd","","","window_daylight_unverified","window and natural-light evidence remains incomplete in the stored listing notes","https://cove.sg/listings/2719-cove-391-standard-room-the-bayron"
"cove-bayron-2719","Standard Room","Cove","https://cove.sg/listings/2719-cove-391-standard-room-the-bayron","2026-05-31","Codex","hard_filter_reviewed","unit_quality","5","UQ04","laundry_access","yes","ELIM","yes","","","laundry_confirmed","listing review confirms laundry or washer/dryer access in the building or unit","https://cove.sg/listings/2719-cove-391-standard-room-the-bayron"
"cove-bayron-2719","Standard Room","Cove","https://cove.sg/listings/2719-cove-391-standard-room-the-bayron","2026-05-31","Codex","hard_filter_reviewed","trust","6","TR01","student_pass_acceptance","yes","ELIM","yes","","","student_pass_confirmed","student-pass acceptance is explicitly marked yes in the stored listing summary","https://cove.sg/listings/2719-cove-391-standard-room-the-bayron"
"cove-bayron-2719","Standard Room","Cove","https://cove.sg/listings/2719-cove-391-standard-room-the-bayron","2026-05-31","Codex","hard_filter_reviewed","trust","6","TR02","landlord_or_agent_verifiability","yes","ELIM","yes","","","operator_verifiable","the listing sits on an approved or conditional direct operator/property page with a traceable host identity","https://cove.sg/listings/2719-cove-391-standard-room-the-bayron"
"cove-bayron-2719","Standard Room","Cove","https://cove.sg/listings/2719-cove-391-standard-room-the-bayron","2026-05-31","Codex","hard_filter_reviewed","trust","6","TR03","proof_of_property_control","yes","ELIM","yes","","","property_control_plausible","the listing is on a direct operator-controlled property page, so proof of control should be obtainable","https://cove.sg/listings/2719-cove-391-standard-room-the-bayron"
"cove-bayron-2719","Standard Room","Cove","https://cove.sg/listings/2719-cove-391-standard-room-the-bayron","2026-05-31","Codex","hard_filter_reviewed","trust","6","TR04","source_trust_level","yes","ELIM","yes","","","source_approved","source registry status is 'approved'","https://cove.sg/listings/2719-cove-391-standard-room-the-bayron"
"cove-bayron-2649","Standard Room","Cove","https://cove.sg/listings/2649-cove-390-standard-room-the-bayron","2026-05-31","Codex","hard_filter_reviewed","lease_fit","1","LF01","availability_for_target_dates","yes","ELIM","tbd","","","availability_unverified","exact August 9, 2026 availability is not fully verified in the stored listing evidence","https://cove.sg/listings/2649-cove-390-standard-room-the-bayron"
"cove-bayron-2649","Standard Room","Cove","https://cove.sg/listings/2649-cove-390-standard-room-the-bayron","2026-05-31","Codex","hard_filter_reviewed","cost","2","CO01","monthly_rent","yes","ELIM","tbd","","","price_or_currency_unresolved","no verified listing-level SGD monthly price is stored, so the SGD 2000 budget cap remains unresolved","https://cove.sg/listings/2649-cove-390-standard-room-the-bayron"
"cove-bayron-2649","Standard Room","Cove","https://cove.sg/listings/2649-cove-390-standard-room-the-bayron","2026-05-31","Codex","hard_filter_reviewed","location","3","LC01","commute_time_to_smu","yes","ELIM","yes","","","commute_within_cap","stored commute is 18 minutes by public transport","https://cove.sg/listings/2649-cove-390-standard-room-the-bayron"
"cove-bayron-2649","Standard Room","Cove","https://cove.sg/listings/2649-cove-390-standard-room-the-bayron","2026-05-31","Codex","hard_filter_reviewed","living_arrangement","4","LA03","bed_size_for_two","yes","ELIM","yes","","","bed_large_enough","bed evidence is 'Queen Bed', which meets the bigger-than-single requirement","https://cove.sg/listings/2649-cove-390-standard-room-the-bayron"
"cove-bayron-2649","Standard Room","Cove","https://cove.sg/listings/2649-cove-390-standard-room-the-bayron","2026-05-31","Codex","hard_filter_reviewed","unit_quality","5","UQ01","air_conditioning","yes","ELIM","yes","","","aircon_confirmed","listing review confirms air-conditioning in the room or apartment","https://cove.sg/listings/2649-cove-390-standard-room-the-bayron"
"cove-bayron-2649","Standard Room","Cove","https://cove.sg/listings/2649-cove-390-standard-room-the-bayron","2026-05-31","Codex","hard_filter_reviewed","unit_quality","5","UQ02","desk_in_room","yes","ELIM","yes","","","desk_confirmed","listing review confirms a desk or study table in the room","https://cove.sg/listings/2649-cove-390-standard-room-the-bayron"
"cove-bayron-2649","Standard Room","Cove","https://cove.sg/listings/2649-cove-390-standard-room-the-bayron","2026-05-31","Codex","hard_filter_reviewed","unit_quality","5","UQ03","natural_light_and_window","yes","ELIM","tbd","","","window_daylight_unverified","window and natural-light evidence remains incomplete in the stored listing notes","https://cove.sg/listings/2649-cove-390-standard-room-the-bayron"
"cove-bayron-2649","Standard Room","Cove","https://cove.sg/listings/2649-cove-390-standard-room-the-bayron","2026-05-31","Codex","hard_filter_reviewed","unit_quality","5","UQ04","laundry_access","yes","ELIM","yes","","","laundry_confirmed","listing review confirms laundry or washer/dryer access in the building or unit","https://cove.sg/listings/2649-cove-390-standard-room-the-bayron"
"cove-bayron-2649","Standard Room","Cove","https://cove.sg/listings/2649-cove-390-standard-room-the-bayron","2026-05-31","Codex","hard_filter_reviewed","trust","6","TR01","student_pass_acceptance","yes","ELIM","yes","","","student_pass_confirmed","student-pass acceptance is explicitly marked yes in the stored listing summary","https://cove.sg/listings/2649-cove-390-standard-room-the-bayron"
"cove-bayron-2649","Standard Room","Cove","https://cove.sg/listings/2649-cove-390-standard-room-the-bayron","2026-05-31","Codex","hard_filter_reviewed","trust","6","TR02","landlord_or_agent_verifiability","yes","ELIM","yes","","","operator_verifiable","the listing sits on an approved or conditional direct operator/property page with a traceable host identity","https://cove.sg/listings/2649-cove-390-standard-room-the-bayron"
"cove-bayron-2649","Standard Room","Cove","https://cove.sg/listings/2649-cove-390-standard-room-the-bayron","2026-05-31","Codex","hard_filter_reviewed","trust","6","TR03","proof_of_property_control","yes","ELIM","yes","","","property_control_plausible","the listing is on a direct operator-controlled property page, so proof of control should be obtainable","https://cove.sg/listings/2649-cove-390-standard-room-the-bayron"
"cove-bayron-2649","Standard Room","Cove","https://cove.sg/listings/2649-cove-390-standard-room-the-bayron","2026-05-31","Codex","hard_filter_reviewed","trust","6","TR04","source_trust_level","yes","ELIM","yes","","","source_approved","source registry status is 'approved'","https://cove.sg/listings/2649-cove-390-standard-room-the-bayron"
"cove-kinta-1170","Master Ensuite Room","Cove","https://cove.sg/listings/1170-cove-98-master-ensuite-room-31-37-kinta-road","2026-05-31","Codex","hard_filter_reviewed","lease_fit","1","LF01","availability_for_target_dates","yes","ELIM","tbd","","","availability_unverified","exact August 9, 2026 availability is not fully verified in the stored listing evidence","https://cove.sg/listings/1170-cove-98-master-ensuite-room-31-37-kinta-road"
"cove-kinta-1170","Master Ensuite Room","Cove","https://cove.sg/listings/1170-cove-98-master-ensuite-room-31-37-kinta-road","2026-05-31","Codex","hard_filter_reviewed","cost","2","CO01","monthly_rent","yes","ELIM","tbd","","","price_or_currency_unresolved","no verified listing-level SGD monthly price is stored, so the SGD 2000 budget cap remains unresolved","https://cove.sg/listings/1170-cove-98-master-ensuite-room-31-37-kinta-road"
"cove-kinta-1170","Master Ensuite Room","Cove","https://cove.sg/listings/1170-cove-98-master-ensuite-room-31-37-kinta-road","2026-05-31","Codex","hard_filter_reviewed","location","3","LC01","commute_time_to_smu","yes","ELIM","yes","","","commute_within_cap","stored commute is 18 minutes by public transport","https://cove.sg/listings/1170-cove-98-master-ensuite-room-31-37-kinta-road"
"cove-kinta-1170","Master Ensuite Room","Cove","https://cove.sg/listings/1170-cove-98-master-ensuite-room-31-37-kinta-road","2026-05-31","Codex","hard_filter_reviewed","living_arrangement","4","LA03","bed_size_for_two","yes","ELIM","yes","","","bed_large_enough","bed evidence is 'Queen Bed', which meets the bigger-than-single requirement","https://cove.sg/listings/1170-cove-98-master-ensuite-room-31-37-kinta-road"
"cove-kinta-1170","Master Ensuite Room","Cove","https://cove.sg/listings/1170-cove-98-master-ensuite-room-31-37-kinta-road","2026-05-31","Codex","hard_filter_reviewed","unit_quality","5","UQ01","air_conditioning","yes","ELIM","yes","","","aircon_confirmed","listing review confirms air-conditioning in the room or apartment","https://cove.sg/listings/1170-cove-98-master-ensuite-room-31-37-kinta-road"
"cove-kinta-1170","Master Ensuite Room","Cove","https://cove.sg/listings/1170-cove-98-master-ensuite-room-31-37-kinta-road","2026-05-31","Codex","hard_filter_reviewed","unit_quality","5","UQ02","desk_in_room","yes","ELIM","yes","","","desk_confirmed","listing review confirms a desk or study table in the room","https://cove.sg/listings/1170-cove-98-master-ensuite-room-31-37-kinta-road"
"cove-kinta-1170","Master Ensuite Room","Cove","https://cove.sg/listings/1170-cove-98-master-ensuite-room-31-37-kinta-road","2026-05-31","Codex","hard_filter_reviewed","unit_quality","5","UQ03","natural_light_and_window","yes","ELIM","tbd","","","window_daylight_unverified","window and natural-light evidence remains incomplete in the stored listing notes","https://cove.sg/listings/1170-cove-98-master-ensuite-room-31-37-kinta-road"
"cove-kinta-1170","Master Ensuite Room","Cove","https://cove.sg/listings/1170-cove-98-master-ensuite-room-31-37-kinta-road","2026-05-31","Codex","hard_filter_reviewed","unit_quality","5","UQ04","laundry_access","yes","ELIM","yes","","","laundry_confirmed","listing review confirms laundry or washer/dryer access in the building or unit","https://cove.sg/listings/1170-cove-98-master-ensuite-room-31-37-kinta-road"
"cove-kinta-1170","Master Ensuite Room","Cove","https://cove.sg/listings/1170-cove-98-master-ensuite-room-31-37-kinta-road","2026-05-31","Codex","hard_filter_reviewed","trust","6","TR01","student_pass_acceptance","yes","ELIM","yes","","","student_pass_confirmed","student-pass acceptance is explicitly marked yes in the stored listing summary","https://cove.sg/listings/1170-cove-98-master-ensuite-room-31-37-kinta-road"
"cove-kinta-1170","Master Ensuite Room","Cove","https://cove.sg/listings/1170-cove-98-master-ensuite-room-31-37-kinta-road","2026-05-31","Codex","hard_filter_reviewed","trust","6","TR02","landlord_or_agent_verifiability","yes","ELIM","yes","","","operator_verifiable","the listing sits on an approved or conditional direct operator/property page with a traceable host identity","https://cove.sg/listings/1170-cove-98-master-ensuite-room-31-37-kinta-road"
"cove-kinta-1170","Master Ensuite Room","Cove","https://cove.sg/listings/1170-cove-98-master-ensuite-room-31-37-kinta-road","2026-05-31","Codex","hard_filter_reviewed","trust","6","TR03","proof_of_property_control","yes","ELIM","yes","","","property_control_plausible","the listing is on a direct operator-controlled property page, so proof of control should be obtainable","https://cove.sg/listings/1170-cove-98-master-ensuite-room-31-37-kinta-road"
"cove-kinta-1170","Master Ensuite Room","Cove","https://cove.sg/listings/1170-cove-98-master-ensuite-room-31-37-kinta-road","2026-05-31","Codex","hard_filter_reviewed","trust","6","TR04","source_trust_level","yes","ELIM","yes","","","source_approved","source registry status is 'approved'","https://cove.sg/listings/1170-cove-98-master-ensuite-room-31-37-kinta-road"
"cove-uesquare-3114","Master Ensuite Room","Cove","https://cove.sg/listings/3114-cove-473-master-ensuite-room-ue-square-residences","2026-05-31","Codex","hard_filter_reviewed","lease_fit","1","LF01","availability_for_target_dates","yes","ELIM","tbd","","","availability_unverified","exact August 9, 2026 availability is not fully verified in the stored listing evidence","https://cove.sg/listings/3114-cove-473-master-ensuite-room-ue-square-residences"
"cove-uesquare-3114","Master Ensuite Room","Cove","https://cove.sg/listings/3114-cove-473-master-ensuite-room-ue-square-residences","2026-05-31","Codex","hard_filter_reviewed","cost","2","CO01","monthly_rent","yes","ELIM","no","","","above_sgd_2000_cap","displayed monthly price is S$2550, which exceeds the SGD 2000 hard cap","https://cove.sg/listings/3114-cove-473-master-ensuite-room-ue-square-residences"
"cove-uesquare-3114","Master Ensuite Room","Cove","https://cove.sg/listings/3114-cove-473-master-ensuite-room-ue-square-residences","2026-05-31","Codex","hard_filter_reviewed","location","3","LC01","commute_time_to_smu","yes","ELIM","yes","","","commute_within_cap","stored commute is 18 minutes by public transport","https://cove.sg/listings/3114-cove-473-master-ensuite-room-ue-square-residences"
"cove-uesquare-3114","Master Ensuite Room","Cove","https://cove.sg/listings/3114-cove-473-master-ensuite-room-ue-square-residences","2026-05-31","Codex","hard_filter_reviewed","living_arrangement","4","LA03","bed_size_for_two","yes","ELIM","yes","","","bed_large_enough","bed evidence is 'Queen Bed', which meets the bigger-than-single requirement","https://cove.sg/listings/3114-cove-473-master-ensuite-room-ue-square-residences"
"cove-uesquare-3114","Master Ensuite Room","Cove","https://cove.sg/listings/3114-cove-473-master-ensuite-room-ue-square-residences","2026-05-31","Codex","hard_filter_reviewed","unit_quality","5","UQ01","air_conditioning","yes","ELIM","yes","","","aircon_confirmed","stored listing evidence confirms air-conditioning in the room or apartment","https://cove.sg/listings/3114-cove-473-master-ensuite-room-ue-square-residences"
"cove-uesquare-3114","Master Ensuite Room","Cove","https://cove.sg/listings/3114-cove-473-master-ensuite-room-ue-square-residences","2026-05-31","Codex","hard_filter_reviewed","unit_quality","5","UQ02","desk_in_room","yes","ELIM","yes","","","desk_confirmed","stored listing evidence confirms a desk or study table in the room","https://cove.sg/listings/3114-cove-473-master-ensuite-room-ue-square-residences"
"cove-uesquare-3114","Master Ensuite Room","Cove","https://cove.sg/listings/3114-cove-473-master-ensuite-room-ue-square-residences","2026-05-31","Codex","hard_filter_reviewed","unit_quality","5","UQ03","natural_light_and_window","yes","ELIM","tbd","","","window_daylight_unverified","window and natural-light evidence remains incomplete in the stored listing notes","https://cove.sg/listings/3114-cove-473-master-ensuite-room-ue-square-residences"
"cove-uesquare-3114","Master Ensuite Room","Cove","https://cove.sg/listings/3114-cove-473-master-ensuite-room-ue-square-residences","2026-05-31","Codex","hard_filter_reviewed","unit_quality","5","UQ04","laundry_access","yes","ELIM","yes","","","laundry_confirmed","stored listing evidence confirms laundry or washer/dryer access in the building or unit","https://cove.sg/listings/3114-cove-473-master-ensuite-room-ue-square-residences"
"cove-uesquare-3114","Master Ensuite Room","Cove","https://cove.sg/listings/3114-cove-473-master-ensuite-room-ue-square-residences","2026-05-31","Codex","hard_filter_reviewed","trust","6","TR01","student_pass_acceptance","yes","ELIM","yes","","","student_pass_confirmed","student-pass acceptance is explicitly marked yes in the stored listing summary","https://cove.sg/listings/3114-cove-473-master-ensuite-room-ue-square-residences"
"cove-uesquare-3114","Master Ensuite Room","Cove","https://cove.sg/listings/3114-cove-473-master-ensuite-room-ue-square-residences","2026-05-31","Codex","hard_filter_reviewed","trust","6","TR02","landlord_or_agent_verifiability","yes","ELIM","yes","","","operator_verifiable","the listing sits on an approved direct operator or property page with a traceable host identity","https://cove.sg/listings/3114-cove-473-master-ensuite-room-ue-square-residences"
"cove-uesquare-3114","Master Ensuite Room","Cove","https://cove.sg/listings/3114-cove-473-master-ensuite-room-ue-square-residences","2026-05-31","Codex","hard_filter_reviewed","trust","6","TR03","proof_of_property_control","yes","ELIM","yes","","","property_control_plausible","the listing is on a direct operator-controlled property page, so proof of control should be obtainable","https://cove.sg/listings/3114-cove-473-master-ensuite-room-ue-square-residences"
"cove-uesquare-3114","Master Ensuite Room","Cove","https://cove.sg/listings/3114-cove-473-master-ensuite-room-ue-square-residences","2026-05-31","Codex","hard_filter_reviewed","trust","6","TR04","source_trust_level","yes","ELIM","yes","","","source_approved","source registry status is 'approved'","https://cove.sg/listings/3114-cove-473-master-ensuite-room-ue-square-residences"
"cove-uesquare-3118","Master Ensuite Room","Cove","https://cove.sg/listings/3118-cove-474-master-ensuite-room-ue-square-residences","2026-05-31","Codex","hard_filter_reviewed","lease_fit","1","LF01","availability_for_target_dates","yes","ELIM","tbd","","","availability_unverified","exact August 9, 2026 availability is not fully verified in the stored listing evidence","https://cove.sg/listings/3118-cove-474-master-ensuite-room-ue-square-residences"
"cove-uesquare-3118","Master Ensuite Room","Cove","https://cove.sg/listings/3118-cove-474-master-ensuite-room-ue-square-residences","2026-05-31","Codex","hard_filter_reviewed","cost","2","CO01","monthly_rent","yes","ELIM","no","","","above_sgd_2000_cap","displayed monthly price is S$2500, which exceeds the SGD 2000 hard cap","https://cove.sg/listings/3118-cove-474-master-ensuite-room-ue-square-residences"
"cove-uesquare-3118","Master Ensuite Room","Cove","https://cove.sg/listings/3118-cove-474-master-ensuite-room-ue-square-residences","2026-05-31","Codex","hard_filter_reviewed","location","3","LC01","commute_time_to_smu","yes","ELIM","yes","","","commute_within_cap","stored commute is 18 minutes by public transport","https://cove.sg/listings/3118-cove-474-master-ensuite-room-ue-square-residences"
"cove-uesquare-3118","Master Ensuite Room","Cove","https://cove.sg/listings/3118-cove-474-master-ensuite-room-ue-square-residences","2026-05-31","Codex","hard_filter_reviewed","living_arrangement","4","LA03","bed_size_for_two","yes","ELIM","yes","","","bed_large_enough","bed evidence is 'Queen Bed', which meets the bigger-than-single requirement","https://cove.sg/listings/3118-cove-474-master-ensuite-room-ue-square-residences"
"cove-uesquare-3118","Master Ensuite Room","Cove","https://cove.sg/listings/3118-cove-474-master-ensuite-room-ue-square-residences","2026-05-31","Codex","hard_filter_reviewed","unit_quality","5","UQ01","air_conditioning","yes","ELIM","yes","","","aircon_confirmed","stored listing evidence confirms air-conditioning in the room or apartment","https://cove.sg/listings/3118-cove-474-master-ensuite-room-ue-square-residences"
"cove-uesquare-3118","Master Ensuite Room","Cove","https://cove.sg/listings/3118-cove-474-master-ensuite-room-ue-square-residences","2026-05-31","Codex","hard_filter_reviewed","unit_quality","5","UQ02","desk_in_room","yes","ELIM","yes","","","desk_confirmed","stored listing evidence confirms a desk or study table in the room","https://cove.sg/listings/3118-cove-474-master-ensuite-room-ue-square-residences"
"cove-uesquare-3118","Master Ensuite Room","Cove","https://cove.sg/listings/3118-cove-474-master-ensuite-room-ue-square-residences","2026-05-31","Codex","hard_filter_reviewed","unit_quality","5","UQ03","natural_light_and_window","yes","ELIM","tbd","","","window_daylight_unverified","window and natural-light evidence remains incomplete in the stored listing notes","https://cove.sg/listings/3118-cove-474-master-ensuite-room-ue-square-residences"
"cove-uesquare-3118","Master Ensuite Room","Cove","https://cove.sg/listings/3118-cove-474-master-ensuite-room-ue-square-residences","2026-05-31","Codex","hard_filter_reviewed","unit_quality","5","UQ04","laundry_access","yes","ELIM","yes","","","laundry_confirmed","stored listing evidence confirms laundry or washer/dryer access in the building or unit","https://cove.sg/listings/3118-cove-474-master-ensuite-room-ue-square-residences"
"cove-uesquare-3118","Master Ensuite Room","Cove","https://cove.sg/listings/3118-cove-474-master-ensuite-room-ue-square-residences","2026-05-31","Codex","hard_filter_reviewed","trust","6","TR01","student_pass_acceptance","yes","ELIM","yes","","","student_pass_confirmed","student-pass acceptance is explicitly marked yes in the stored listing summary","https://cove.sg/listings/3118-cove-474-master-ensuite-room-ue-square-residences"
"cove-uesquare-3118","Master Ensuite Room","Cove","https://cove.sg/listings/3118-cove-474-master-ensuite-room-ue-square-residences","2026-05-31","Codex","hard_filter_reviewed","trust","6","TR02","landlord_or_agent_verifiability","yes","ELIM","yes","","","operator_verifiable","the listing sits on an approved direct operator or property page with a traceable host identity","https://cove.sg/listings/3118-cove-474-master-ensuite-room-ue-square-residences"
"cove-uesquare-3118","Master Ensuite Room","Cove","https://cove.sg/listings/3118-cove-474-master-ensuite-room-ue-square-residences","2026-05-31","Codex","hard_filter_reviewed","trust","6","TR03","proof_of_property_control","yes","ELIM","yes","","","property_control_plausible","the listing is on a direct operator-controlled property page, so proof of control should be obtainable","https://cove.sg/listings/3118-cove-474-master-ensuite-room-ue-square-residences"
"cove-uesquare-3118","Master Ensuite Room","Cove","https://cove.sg/listings/3118-cove-474-master-ensuite-room-ue-square-residences","2026-05-31","Codex","hard_filter_reviewed","trust","6","TR04","source_trust_level","yes","ELIM","yes","","","source_approved","source registry status is 'approved'","https://cove.sg/listings/3118-cove-474-master-ensuite-room-ue-square-residences"
"cove-samkiang-3155","Standard Room","Cove","https://cove.sg/listings/3155-cove-483-standard-room-sam-kiang-mansions","2026-05-31","Codex","hard_filter_reviewed","lease_fit","1","LF01","availability_for_target_dates","yes","ELIM","tbd","","","availability_unverified","exact August 9, 2026 availability is not fully verified in the stored listing evidence","https://cove.sg/listings/3155-cove-483-standard-room-sam-kiang-mansions"
"cove-samkiang-3155","Standard Room","Cove","https://cove.sg/listings/3155-cove-483-standard-room-sam-kiang-mansions","2026-05-31","Codex","hard_filter_reviewed","cost","2","CO01","monthly_rent","yes","ELIM","yes","","","within_sgd_2000_cap","displayed monthly price is S$1900, which is within the SGD 2000 hard cap","https://cove.sg/listings/3155-cove-483-standard-room-sam-kiang-mansions"
"cove-samkiang-3155","Standard Room","Cove","https://cove.sg/listings/3155-cove-483-standard-room-sam-kiang-mansions","2026-05-31","Codex","hard_filter_reviewed","location","3","LC01","commute_time_to_smu","yes","ELIM","yes","","","commute_within_cap","stored commute is 18 minutes by public transport","https://cove.sg/listings/3155-cove-483-standard-room-sam-kiang-mansions"
"cove-samkiang-3155","Standard Room","Cove","https://cove.sg/listings/3155-cove-483-standard-room-sam-kiang-mansions","2026-05-31","Codex","hard_filter_reviewed","living_arrangement","4","LA03","bed_size_for_two","yes","ELIM","yes","","","bed_large_enough","bed evidence is 'Queen Bed', which meets the bigger-than-single requirement","https://cove.sg/listings/3155-cove-483-standard-room-sam-kiang-mansions"
"cove-samkiang-3155","Standard Room","Cove","https://cove.sg/listings/3155-cove-483-standard-room-sam-kiang-mansions","2026-05-31","Codex","hard_filter_reviewed","unit_quality","5","UQ01","air_conditioning","yes","ELIM","yes","","","aircon_confirmed","listing review confirms air-conditioning in the room or apartment","https://cove.sg/listings/3155-cove-483-standard-room-sam-kiang-mansions"
"cove-samkiang-3155","Standard Room","Cove","https://cove.sg/listings/3155-cove-483-standard-room-sam-kiang-mansions","2026-05-31","Codex","hard_filter_reviewed","unit_quality","5","UQ02","desk_in_room","yes","ELIM","yes","","","desk_confirmed","listing review confirms a desk or study table in the room","https://cove.sg/listings/3155-cove-483-standard-room-sam-kiang-mansions"
"cove-samkiang-3155","Standard Room","Cove","https://cove.sg/listings/3155-cove-483-standard-room-sam-kiang-mansions","2026-05-31","Codex","hard_filter_reviewed","unit_quality","5","UQ03","natural_light_and_window","yes","ELIM","tbd","","","window_daylight_unverified","window and natural-light evidence remains incomplete in the stored listing notes","https://cove.sg/listings/3155-cove-483-standard-room-sam-kiang-mansions"
"cove-samkiang-3155","Standard Room","Cove","https://cove.sg/listings/3155-cove-483-standard-room-sam-kiang-mansions","2026-05-31","Codex","hard_filter_reviewed","unit_quality","5","UQ04","laundry_access","yes","ELIM","yes","","","laundry_confirmed","listing review confirms laundry or washer/dryer access in the building or unit","https://cove.sg/listings/3155-cove-483-standard-room-sam-kiang-mansions"
"cove-samkiang-3155","Standard Room","Cove","https://cove.sg/listings/3155-cove-483-standard-room-sam-kiang-mansions","2026-05-31","Codex","hard_filter_reviewed","trust","6","TR01","student_pass_acceptance","yes","ELIM","yes","","","student_pass_confirmed","student-pass acceptance is explicitly marked yes in the stored listing summary","https://cove.sg/listings/3155-cove-483-standard-room-sam-kiang-mansions"
"cove-samkiang-3155","Standard Room","Cove","https://cove.sg/listings/3155-cove-483-standard-room-sam-kiang-mansions","2026-05-31","Codex","hard_filter_reviewed","trust","6","TR02","landlord_or_agent_verifiability","yes","ELIM","yes","","","operator_verifiable","the listing sits on an approved or conditional direct operator/property page with a traceable host identity","https://cove.sg/listings/3155-cove-483-standard-room-sam-kiang-mansions"
"cove-samkiang-3155","Standard Room","Cove","https://cove.sg/listings/3155-cove-483-standard-room-sam-kiang-mansions","2026-05-31","Codex","hard_filter_reviewed","trust","6","TR03","proof_of_property_control","yes","ELIM","yes","","","property_control_plausible","the listing is on a direct operator-controlled property page, so proof of control should be obtainable","https://cove.sg/listings/3155-cove-483-standard-room-sam-kiang-mansions"
"cove-samkiang-3155","Standard Room","Cove","https://cove.sg/listings/3155-cove-483-standard-room-sam-kiang-mansions","2026-05-31","Codex","hard_filter_reviewed","trust","6","TR04","source_trust_level","yes","ELIM","yes","","","source_approved","source registry status is 'approved'","https://cove.sg/listings/3155-cove-483-standard-room-sam-kiang-mansions"
"cove-samkiang-3157","Standard Room","Cove","https://cove.sg/listings/3157-cove-483-standard-room-sam-kiang-mansions","2026-05-31","Codex","hard_filter_reviewed","lease_fit","1","LF01","availability_for_target_dates","yes","ELIM","yes","","","availability_before_target","availability_start is 2026-05-16, which is on or before August 9, 2026","https://cove.sg/listings/3157-cove-483-standard-room-sam-kiang-mansions"
"cove-samkiang-3157","Standard Room","Cove","https://cove.sg/listings/3157-cove-483-standard-room-sam-kiang-mansions","2026-05-31","Codex","hard_filter_reviewed","cost","2","CO01","monthly_rent","yes","ELIM","yes","","","within_sgd_2000_cap","displayed monthly price is S$1800, which is within the SGD 2000 hard cap","https://cove.sg/listings/3157-cove-483-standard-room-sam-kiang-mansions"
"cove-samkiang-3157","Standard Room","Cove","https://cove.sg/listings/3157-cove-483-standard-room-sam-kiang-mansions","2026-05-31","Codex","hard_filter_reviewed","location","3","LC01","commute_time_to_smu","yes","ELIM","yes","","","commute_within_cap","stored commute is 18 minutes by public transport","https://cove.sg/listings/3157-cove-483-standard-room-sam-kiang-mansions"
"cove-samkiang-3157","Standard Room","Cove","https://cove.sg/listings/3157-cove-483-standard-room-sam-kiang-mansions","2026-05-31","Codex","hard_filter_reviewed","living_arrangement","4","LA03","bed_size_for_two","yes","ELIM","yes","","","bed_large_enough","bed evidence is 'Queen Bed', which meets the bigger-than-single requirement","https://cove.sg/listings/3157-cove-483-standard-room-sam-kiang-mansions"
"cove-samkiang-3157","Standard Room","Cove","https://cove.sg/listings/3157-cove-483-standard-room-sam-kiang-mansions","2026-05-31","Codex","hard_filter_reviewed","unit_quality","5","UQ01","air_conditioning","yes","ELIM","yes","","","aircon_confirmed","listing review confirms air-conditioning in the room or apartment","https://cove.sg/listings/3157-cove-483-standard-room-sam-kiang-mansions"
"cove-samkiang-3157","Standard Room","Cove","https://cove.sg/listings/3157-cove-483-standard-room-sam-kiang-mansions","2026-05-31","Codex","hard_filter_reviewed","unit_quality","5","UQ02","desk_in_room","yes","ELIM","yes","","","desk_confirmed","listing review confirms a desk or study table in the room","https://cove.sg/listings/3157-cove-483-standard-room-sam-kiang-mansions"
"cove-samkiang-3157","Standard Room","Cove","https://cove.sg/listings/3157-cove-483-standard-room-sam-kiang-mansions","2026-05-31","Codex","hard_filter_reviewed","unit_quality","5","UQ03","natural_light_and_window","yes","ELIM","tbd","","","window_daylight_unverified","window and natural-light evidence remains incomplete in the stored listing notes","https://cove.sg/listings/3157-cove-483-standard-room-sam-kiang-mansions"
"cove-samkiang-3157","Standard Room","Cove","https://cove.sg/listings/3157-cove-483-standard-room-sam-kiang-mansions","2026-05-31","Codex","hard_filter_reviewed","unit_quality","5","UQ04","laundry_access","yes","ELIM","yes","","","laundry_confirmed","listing review confirms laundry or washer/dryer access in the building or unit","https://cove.sg/listings/3157-cove-483-standard-room-sam-kiang-mansions"
"cove-samkiang-3157","Standard Room","Cove","https://cove.sg/listings/3157-cove-483-standard-room-sam-kiang-mansions","2026-05-31","Codex","hard_filter_reviewed","trust","6","TR01","student_pass_acceptance","yes","ELIM","yes","","","student_pass_confirmed","student-pass acceptance is explicitly marked yes in the stored listing summary","https://cove.sg/listings/3157-cove-483-standard-room-sam-kiang-mansions"
"cove-samkiang-3157","Standard Room","Cove","https://cove.sg/listings/3157-cove-483-standard-room-sam-kiang-mansions","2026-05-31","Codex","hard_filter_reviewed","trust","6","TR02","landlord_or_agent_verifiability","yes","ELIM","yes","","","operator_verifiable","the listing sits on an approved or conditional direct operator/property page with a traceable host identity","https://cove.sg/listings/3157-cove-483-standard-room-sam-kiang-mansions"
"cove-samkiang-3157","Standard Room","Cove","https://cove.sg/listings/3157-cove-483-standard-room-sam-kiang-mansions","2026-05-31","Codex","hard_filter_reviewed","trust","6","TR03","proof_of_property_control","yes","ELIM","yes","","","property_control_plausible","the listing is on a direct operator-controlled property page, so proof of control should be obtainable","https://cove.sg/listings/3157-cove-483-standard-room-sam-kiang-mansions"
"cove-samkiang-3157","Standard Room","Cove","https://cove.sg/listings/3157-cove-483-standard-room-sam-kiang-mansions","2026-05-31","Codex","hard_filter_reviewed","trust","6","TR04","source_trust_level","yes","ELIM","yes","","","source_approved","source registry status is 'approved'","https://cove.sg/listings/3157-cove-483-standard-room-sam-kiang-mansions"
"cove-hootkiam-476","Jr. Master Ensuite Room","Cove","https://cove.sg/listings/476-cove-78-jr-master-ensuite-room-hock-mansions","2026-05-31","Codex","hard_filter_reviewed","lease_fit","1","LF01","availability_for_target_dates","yes","ELIM","yes","","","availability_before_target","availability_start is 2026-06-24, which is on or before August 9, 2026","https://cove.sg/listings/476-cove-78-jr-master-ensuite-room-hock-mansions"
"cove-hootkiam-476","Jr. Master Ensuite Room","Cove","https://cove.sg/listings/476-cove-78-jr-master-ensuite-room-hock-mansions","2026-05-31","Codex","hard_filter_reviewed","cost","2","CO01","monthly_rent","yes","ELIM","yes","","","within_sgd_2000_cap","displayed monthly price is S$2000, which is within the SGD 2000 hard cap","https://cove.sg/listings/476-cove-78-jr-master-ensuite-room-hock-mansions"
"cove-hootkiam-476","Jr. Master Ensuite Room","Cove","https://cove.sg/listings/476-cove-78-jr-master-ensuite-room-hock-mansions","2026-05-31","Codex","hard_filter_reviewed","location","3","LC01","commute_time_to_smu","yes","ELIM","yes","","","commute_within_cap","stored commute is 11 minutes by walk","https://cove.sg/listings/476-cove-78-jr-master-ensuite-room-hock-mansions"
"cove-hootkiam-476","Jr. Master Ensuite Room","Cove","https://cove.sg/listings/476-cove-78-jr-master-ensuite-room-hock-mansions","2026-05-31","Codex","hard_filter_reviewed","living_arrangement","4","LA03","bed_size_for_two","yes","ELIM","yes","","","bed_large_enough","bed evidence is 'Queen Bed', which meets the bigger-than-single requirement","https://cove.sg/listings/476-cove-78-jr-master-ensuite-room-hock-mansions"
"cove-hootkiam-476","Jr. Master Ensuite Room","Cove","https://cove.sg/listings/476-cove-78-jr-master-ensuite-room-hock-mansions","2026-05-31","Codex","hard_filter_reviewed","unit_quality","5","UQ01","air_conditioning","yes","ELIM","yes","","","aircon_confirmed","listing review confirms air-conditioning in the room or apartment","https://cove.sg/listings/476-cove-78-jr-master-ensuite-room-hock-mansions"
"cove-hootkiam-476","Jr. Master Ensuite Room","Cove","https://cove.sg/listings/476-cove-78-jr-master-ensuite-room-hock-mansions","2026-05-31","Codex","hard_filter_reviewed","unit_quality","5","UQ02","desk_in_room","yes","ELIM","yes","","","desk_confirmed","listing review confirms a desk or study table in the room","https://cove.sg/listings/476-cove-78-jr-master-ensuite-room-hock-mansions"
"cove-hootkiam-476","Jr. Master Ensuite Room","Cove","https://cove.sg/listings/476-cove-78-jr-master-ensuite-room-hock-mansions","2026-05-31","Codex","hard_filter_reviewed","unit_quality","5","UQ03","natural_light_and_window","yes","ELIM","tbd","","","window_daylight_unverified","window and natural-light evidence remains incomplete in the stored listing notes","https://cove.sg/listings/476-cove-78-jr-master-ensuite-room-hock-mansions"
"cove-hootkiam-476","Jr. Master Ensuite Room","Cove","https://cove.sg/listings/476-cove-78-jr-master-ensuite-room-hock-mansions","2026-05-31","Codex","hard_filter_reviewed","unit_quality","5","UQ04","laundry_access","yes","ELIM","yes","","","laundry_confirmed","listing review confirms laundry or washer/dryer access in the building or unit","https://cove.sg/listings/476-cove-78-jr-master-ensuite-room-hock-mansions"
"cove-hootkiam-476","Jr. Master Ensuite Room","Cove","https://cove.sg/listings/476-cove-78-jr-master-ensuite-room-hock-mansions","2026-05-31","Codex","hard_filter_reviewed","trust","6","TR01","student_pass_acceptance","yes","ELIM","yes","","","student_pass_confirmed","student-pass acceptance is explicitly marked yes in the stored listing summary","https://cove.sg/listings/476-cove-78-jr-master-ensuite-room-hock-mansions"
"cove-hootkiam-476","Jr. Master Ensuite Room","Cove","https://cove.sg/listings/476-cove-78-jr-master-ensuite-room-hock-mansions","2026-05-31","Codex","hard_filter_reviewed","trust","6","TR02","landlord_or_agent_verifiability","yes","ELIM","yes","","","operator_verifiable","the listing sits on an approved or conditional direct operator/property page with a traceable host identity","https://cove.sg/listings/476-cove-78-jr-master-ensuite-room-hock-mansions"
"cove-hootkiam-476","Jr. Master Ensuite Room","Cove","https://cove.sg/listings/476-cove-78-jr-master-ensuite-room-hock-mansions","2026-05-31","Codex","hard_filter_reviewed","trust","6","TR03","proof_of_property_control","yes","ELIM","yes","","","property_control_plausible","the listing is on a direct operator-controlled property page, so proof of control should be obtainable","https://cove.sg/listings/476-cove-78-jr-master-ensuite-room-hock-mansions"
"cove-hootkiam-476","Jr. Master Ensuite Room","Cove","https://cove.sg/listings/476-cove-78-jr-master-ensuite-room-hock-mansions","2026-05-31","Codex","hard_filter_reviewed","trust","6","TR04","source_trust_level","yes","ELIM","yes","","","source_approved","source registry status is 'approved'","https://cove.sg/listings/476-cove-78-jr-master-ensuite-room-hock-mansions"
"cove-hootkiam-907","Standard Room","Cove","https://cove.sg/listings/907-cove-200-standard-room-hoot-kiam-mansions","2026-05-31","Codex","hard_filter_reviewed","lease_fit","1","LF01","availability_for_target_dates","yes","ELIM","yes","","","availability_before_target","availability_start is 2026-05-15, which is on or before August 9, 2026","https://cove.sg/listings/907-cove-200-standard-room-hoot-kiam-mansions"
"cove-hootkiam-907","Standard Room","Cove","https://cove.sg/listings/907-cove-200-standard-room-hoot-kiam-mansions","2026-05-31","Codex","hard_filter_reviewed","cost","2","CO01","monthly_rent","yes","ELIM","yes","","","within_sgd_2000_cap","displayed monthly price is S$1550, which is within the SGD 2000 hard cap","https://cove.sg/listings/907-cove-200-standard-room-hoot-kiam-mansions"
"cove-hootkiam-907","Standard Room","Cove","https://cove.sg/listings/907-cove-200-standard-room-hoot-kiam-mansions","2026-05-31","Codex","hard_filter_reviewed","location","3","LC01","commute_time_to_smu","yes","ELIM","yes","","","commute_within_cap","stored commute is 18 minutes by public transport","https://cove.sg/listings/907-cove-200-standard-room-hoot-kiam-mansions"
"cove-hootkiam-907","Standard Room","Cove","https://cove.sg/listings/907-cove-200-standard-room-hoot-kiam-mansions","2026-05-31","Codex","hard_filter_reviewed","living_arrangement","4","LA03","bed_size_for_two","yes","ELIM","yes","","","bed_large_enough","bed evidence is 'Queen Bed', which meets the bigger-than-single requirement","https://cove.sg/listings/907-cove-200-standard-room-hoot-kiam-mansions"
"cove-hootkiam-907","Standard Room","Cove","https://cove.sg/listings/907-cove-200-standard-room-hoot-kiam-mansions","2026-05-31","Codex","hard_filter_reviewed","unit_quality","5","UQ01","air_conditioning","yes","ELIM","yes","","","aircon_confirmed","listing review confirms air-conditioning in the room or apartment","https://cove.sg/listings/907-cove-200-standard-room-hoot-kiam-mansions"
"cove-hootkiam-907","Standard Room","Cove","https://cove.sg/listings/907-cove-200-standard-room-hoot-kiam-mansions","2026-05-31","Codex","hard_filter_reviewed","unit_quality","5","UQ02","desk_in_room","yes","ELIM","yes","","","desk_confirmed","listing review confirms a desk or study table in the room","https://cove.sg/listings/907-cove-200-standard-room-hoot-kiam-mansions"
"cove-hootkiam-907","Standard Room","Cove","https://cove.sg/listings/907-cove-200-standard-room-hoot-kiam-mansions","2026-05-31","Codex","hard_filter_reviewed","unit_quality","5","UQ03","natural_light_and_window","yes","ELIM","tbd","","","window_daylight_unverified","window and natural-light evidence remains incomplete in the stored listing notes","https://cove.sg/listings/907-cove-200-standard-room-hoot-kiam-mansions"
"cove-hootkiam-907","Standard Room","Cove","https://cove.sg/listings/907-cove-200-standard-room-hoot-kiam-mansions","2026-05-31","Codex","hard_filter_reviewed","unit_quality","5","UQ04","laundry_access","yes","ELIM","yes","","","laundry_confirmed","listing review confirms laundry or washer/dryer access in the building or unit","https://cove.sg/listings/907-cove-200-standard-room-hoot-kiam-mansions"
"cove-hootkiam-907","Standard Room","Cove","https://cove.sg/listings/907-cove-200-standard-room-hoot-kiam-mansions","2026-05-31","Codex","hard_filter_reviewed","trust","6","TR01","student_pass_acceptance","yes","ELIM","yes","","","student_pass_confirmed","student-pass acceptance is explicitly marked yes in the stored listing summary","https://cove.sg/listings/907-cove-200-standard-room-hoot-kiam-mansions"
"cove-hootkiam-907","Standard Room","Cove","https://cove.sg/listings/907-cove-200-standard-room-hoot-kiam-mansions","2026-05-31","Codex","hard_filter_reviewed","trust","6","TR02","landlord_or_agent_verifiability","yes","ELIM","yes","","","operator_verifiable","the listing sits on an approved or conditional direct operator/property page with a traceable host identity","https://cove.sg/listings/907-cove-200-standard-room-hoot-kiam-mansions"
"cove-hootkiam-907","Standard Room","Cove","https://cove.sg/listings/907-cove-200-standard-room-hoot-kiam-mansions","2026-05-31","Codex","hard_filter_reviewed","trust","6","TR03","proof_of_property_control","yes","ELIM","yes","","","property_control_plausible","the listing is on a direct operator-controlled property page, so proof of control should be obtainable","https://cove.sg/listings/907-cove-200-standard-room-hoot-kiam-mansions"
"cove-hootkiam-907","Standard Room","Cove","https://cove.sg/listings/907-cove-200-standard-room-hoot-kiam-mansions","2026-05-31","Codex","hard_filter_reviewed","trust","6","TR04","source_trust_level","yes","ELIM","yes","","","source_approved","source registry status is 'approved'","https://cove.sg/listings/907-cove-200-standard-room-hoot-kiam-mansions"
"cove-regency-3106","Master Ensuite Room","Cove","https://cove.sg/listings/3106-cove-471-master-ensuite-room-regency-lodge","2026-05-31","Codex","hard_filter_reviewed","lease_fit","1","LF01","availability_for_target_dates","yes","ELIM","tbd","","","availability_unverified","exact August 9, 2026 availability is not fully verified in the stored listing evidence","https://cove.sg/listings/3106-cove-471-master-ensuite-room-regency-lodge"
"cove-regency-3106","Master Ensuite Room","Cove","https://cove.sg/listings/3106-cove-471-master-ensuite-room-regency-lodge","2026-05-31","Codex","hard_filter_reviewed","cost","2","CO01","monthly_rent","yes","ELIM","no","","","above_sgd_2000_cap","displayed monthly price is S$2250, which exceeds the SGD 2000 hard cap","https://cove.sg/listings/3106-cove-471-master-ensuite-room-regency-lodge"
"cove-regency-3106","Master Ensuite Room","Cove","https://cove.sg/listings/3106-cove-471-master-ensuite-room-regency-lodge","2026-05-31","Codex","hard_filter_reviewed","location","3","LC01","commute_time_to_smu","yes","ELIM","yes","","","commute_within_cap","stored commute is 18 minutes by public transport","https://cove.sg/listings/3106-cove-471-master-ensuite-room-regency-lodge"
"cove-regency-3106","Master Ensuite Room","Cove","https://cove.sg/listings/3106-cove-471-master-ensuite-room-regency-lodge","2026-05-31","Codex","hard_filter_reviewed","living_arrangement","4","LA03","bed_size_for_two","yes","ELIM","yes","","","bed_large_enough","bed evidence is 'Queen Bed', which meets the bigger-than-single requirement","https://cove.sg/listings/3106-cove-471-master-ensuite-room-regency-lodge"
"cove-regency-3106","Master Ensuite Room","Cove","https://cove.sg/listings/3106-cove-471-master-ensuite-room-regency-lodge","2026-05-31","Codex","hard_filter_reviewed","unit_quality","5","UQ01","air_conditioning","yes","ELIM","yes","","","aircon_confirmed","stored listing evidence confirms air-conditioning in the room or apartment","https://cove.sg/listings/3106-cove-471-master-ensuite-room-regency-lodge"
"cove-regency-3106","Master Ensuite Room","Cove","https://cove.sg/listings/3106-cove-471-master-ensuite-room-regency-lodge","2026-05-31","Codex","hard_filter_reviewed","unit_quality","5","UQ02","desk_in_room","yes","ELIM","yes","","","desk_confirmed","stored listing evidence confirms a desk or study table in the room","https://cove.sg/listings/3106-cove-471-master-ensuite-room-regency-lodge"
"cove-regency-3106","Master Ensuite Room","Cove","https://cove.sg/listings/3106-cove-471-master-ensuite-room-regency-lodge","2026-05-31","Codex","hard_filter_reviewed","unit_quality","5","UQ03","natural_light_and_window","yes","ELIM","tbd","","","window_daylight_unverified","window and natural-light evidence remains incomplete in the stored listing notes","https://cove.sg/listings/3106-cove-471-master-ensuite-room-regency-lodge"
"cove-regency-3106","Master Ensuite Room","Cove","https://cove.sg/listings/3106-cove-471-master-ensuite-room-regency-lodge","2026-05-31","Codex","hard_filter_reviewed","unit_quality","5","UQ04","laundry_access","yes","ELIM","yes","","","laundry_confirmed","stored listing evidence confirms laundry or washer/dryer access in the building or unit","https://cove.sg/listings/3106-cove-471-master-ensuite-room-regency-lodge"
"cove-regency-3106","Master Ensuite Room","Cove","https://cove.sg/listings/3106-cove-471-master-ensuite-room-regency-lodge","2026-05-31","Codex","hard_filter_reviewed","trust","6","TR01","student_pass_acceptance","yes","ELIM","yes","","","student_pass_confirmed","student-pass acceptance is explicitly marked yes in the stored listing summary","https://cove.sg/listings/3106-cove-471-master-ensuite-room-regency-lodge"
"cove-regency-3106","Master Ensuite Room","Cove","https://cove.sg/listings/3106-cove-471-master-ensuite-room-regency-lodge","2026-05-31","Codex","hard_filter_reviewed","trust","6","TR02","landlord_or_agent_verifiability","yes","ELIM","yes","","","operator_verifiable","the listing sits on an approved direct operator or property page with a traceable host identity","https://cove.sg/listings/3106-cove-471-master-ensuite-room-regency-lodge"
"cove-regency-3106","Master Ensuite Room","Cove","https://cove.sg/listings/3106-cove-471-master-ensuite-room-regency-lodge","2026-05-31","Codex","hard_filter_reviewed","trust","6","TR03","proof_of_property_control","yes","ELIM","yes","","","property_control_plausible","the listing is on a direct operator-controlled property page, so proof of control should be obtainable","https://cove.sg/listings/3106-cove-471-master-ensuite-room-regency-lodge"
"cove-regency-3106","Master Ensuite Room","Cove","https://cove.sg/listings/3106-cove-471-master-ensuite-room-regency-lodge","2026-05-31","Codex","hard_filter_reviewed","trust","6","TR04","source_trust_level","yes","ELIM","yes","","","source_approved","source registry status is 'approved'","https://cove.sg/listings/3106-cove-471-master-ensuite-room-regency-lodge"
"cove-regency-3108","Standard Room","Cove","https://cove.sg/listings/3108-cove-471-standard-room-regency-lodge","2026-05-31","Codex","hard_filter_reviewed","lease_fit","1","LF01","availability_for_target_dates","yes","ELIM","tbd","","","availability_unverified","exact August 9, 2026 availability is not fully verified in the stored listing evidence","https://cove.sg/listings/3108-cove-471-standard-room-regency-lodge"
"cove-regency-3108","Standard Room","Cove","https://cove.sg/listings/3108-cove-471-standard-room-regency-lodge","2026-05-31","Codex","hard_filter_reviewed","cost","2","CO01","monthly_rent","yes","ELIM","yes","","","within_sgd_2000_cap","displayed monthly price is S$1550, which is within the SGD 2000 hard cap","https://cove.sg/listings/3108-cove-471-standard-room-regency-lodge"
"cove-regency-3108","Standard Room","Cove","https://cove.sg/listings/3108-cove-471-standard-room-regency-lodge","2026-05-31","Codex","hard_filter_reviewed","location","3","LC01","commute_time_to_smu","yes","ELIM","yes","","","commute_within_cap","stored commute is 18 minutes by public transport","https://cove.sg/listings/3108-cove-471-standard-room-regency-lodge"
"cove-regency-3108","Standard Room","Cove","https://cove.sg/listings/3108-cove-471-standard-room-regency-lodge","2026-05-31","Codex","hard_filter_reviewed","living_arrangement","4","LA03","bed_size_for_two","yes","ELIM","yes","","","bed_large_enough","bed evidence is 'Queen Bed', which meets the bigger-than-single requirement","https://cove.sg/listings/3108-cove-471-standard-room-regency-lodge"
"cove-regency-3108","Standard Room","Cove","https://cove.sg/listings/3108-cove-471-standard-room-regency-lodge","2026-05-31","Codex","hard_filter_reviewed","unit_quality","5","UQ01","air_conditioning","yes","ELIM","yes","","","aircon_confirmed","listing review confirms air-conditioning in the room or apartment","https://cove.sg/listings/3108-cove-471-standard-room-regency-lodge"
"cove-regency-3108","Standard Room","Cove","https://cove.sg/listings/3108-cove-471-standard-room-regency-lodge","2026-05-31","Codex","hard_filter_reviewed","unit_quality","5","UQ02","desk_in_room","yes","ELIM","yes","","","desk_confirmed","listing review confirms a desk or study table in the room","https://cove.sg/listings/3108-cove-471-standard-room-regency-lodge"
"cove-regency-3108","Standard Room","Cove","https://cove.sg/listings/3108-cove-471-standard-room-regency-lodge","2026-05-31","Codex","hard_filter_reviewed","unit_quality","5","UQ03","natural_light_and_window","yes","ELIM","tbd","","","window_daylight_unverified","window and natural-light evidence remains incomplete in the stored listing notes","https://cove.sg/listings/3108-cove-471-standard-room-regency-lodge"
"cove-regency-3108","Standard Room","Cove","https://cove.sg/listings/3108-cove-471-standard-room-regency-lodge","2026-05-31","Codex","hard_filter_reviewed","unit_quality","5","UQ04","laundry_access","yes","ELIM","yes","","","laundry_confirmed","listing review confirms laundry or washer/dryer access in the building or unit","https://cove.sg/listings/3108-cove-471-standard-room-regency-lodge"
"cove-regency-3108","Standard Room","Cove","https://cove.sg/listings/3108-cove-471-standard-room-regency-lodge","2026-05-31","Codex","hard_filter_reviewed","trust","6","TR01","student_pass_acceptance","yes","ELIM","yes","","","student_pass_confirmed","student-pass acceptance is explicitly marked yes in the stored listing summary","https://cove.sg/listings/3108-cove-471-standard-room-regency-lodge"
"cove-regency-3108","Standard Room","Cove","https://cove.sg/listings/3108-cove-471-standard-room-regency-lodge","2026-05-31","Codex","hard_filter_reviewed","trust","6","TR02","landlord_or_agent_verifiability","yes","ELIM","yes","","","operator_verifiable","the listing sits on an approved or conditional direct operator/property page with a traceable host identity","https://cove.sg/listings/3108-cove-471-standard-room-regency-lodge"
"cove-regency-3108","Standard Room","Cove","https://cove.sg/listings/3108-cove-471-standard-room-regency-lodge","2026-05-31","Codex","hard_filter_reviewed","trust","6","TR03","proof_of_property_control","yes","ELIM","yes","","","property_control_plausible","the listing is on a direct operator-controlled property page, so proof of control should be obtainable","https://cove.sg/listings/3108-cove-471-standard-room-regency-lodge"
"cove-regency-3108","Standard Room","Cove","https://cove.sg/listings/3108-cove-471-standard-room-regency-lodge","2026-05-31","Codex","hard_filter_reviewed","trust","6","TR04","source_trust_level","yes","ELIM","yes","","","source_approved","source registry status is 'approved'","https://cove.sg/listings/3108-cove-471-standard-room-regency-lodge"
"cove-gambier-3161","Standard Room","Cove","https://cove.sg/listings/3161-cove-484-standard-room-gambier-court","2026-05-31","Codex","hard_filter_reviewed","lease_fit","1","LF01","availability_for_target_dates","yes","ELIM","tbd","","","availability_unverified","exact August 9, 2026 availability is not fully verified in the stored listing evidence","https://cove.sg/listings/3161-cove-484-standard-room-gambier-court"
"cove-gambier-3161","Standard Room","Cove","https://cove.sg/listings/3161-cove-484-standard-room-gambier-court","2026-05-31","Codex","hard_filter_reviewed","cost","2","CO01","monthly_rent","yes","ELIM","yes","","","within_sgd_2000_cap","displayed monthly price is S$1950, which is within the SGD 2000 hard cap","https://cove.sg/listings/3161-cove-484-standard-room-gambier-court"
"cove-gambier-3161","Standard Room","Cove","https://cove.sg/listings/3161-cove-484-standard-room-gambier-court","2026-05-31","Codex","hard_filter_reviewed","location","3","LC01","commute_time_to_smu","yes","ELIM","yes","","","commute_within_cap","stored commute is 18 minutes by public transport","https://cove.sg/listings/3161-cove-484-standard-room-gambier-court"
"cove-gambier-3161","Standard Room","Cove","https://cove.sg/listings/3161-cove-484-standard-room-gambier-court","2026-05-31","Codex","hard_filter_reviewed","living_arrangement","4","LA03","bed_size_for_two","yes","ELIM","yes","","","bed_large_enough","bed evidence is 'Queen Bed', which meets the bigger-than-single requirement","https://cove.sg/listings/3161-cove-484-standard-room-gambier-court"
"cove-gambier-3161","Standard Room","Cove","https://cove.sg/listings/3161-cove-484-standard-room-gambier-court","2026-05-31","Codex","hard_filter_reviewed","unit_quality","5","UQ01","air_conditioning","yes","ELIM","yes","","","aircon_confirmed","listing review confirms air-conditioning in the room or apartment","https://cove.sg/listings/3161-cove-484-standard-room-gambier-court"
"cove-gambier-3161","Standard Room","Cove","https://cove.sg/listings/3161-cove-484-standard-room-gambier-court","2026-05-31","Codex","hard_filter_reviewed","unit_quality","5","UQ02","desk_in_room","yes","ELIM","yes","","","desk_confirmed","listing review confirms a desk or study table in the room","https://cove.sg/listings/3161-cove-484-standard-room-gambier-court"
"cove-gambier-3161","Standard Room","Cove","https://cove.sg/listings/3161-cove-484-standard-room-gambier-court","2026-05-31","Codex","hard_filter_reviewed","unit_quality","5","UQ03","natural_light_and_window","yes","ELIM","tbd","","","window_daylight_unverified","window and natural-light evidence remains incomplete in the stored listing notes","https://cove.sg/listings/3161-cove-484-standard-room-gambier-court"
"cove-gambier-3161","Standard Room","Cove","https://cove.sg/listings/3161-cove-484-standard-room-gambier-court","2026-05-31","Codex","hard_filter_reviewed","unit_quality","5","UQ04","laundry_access","yes","ELIM","yes","","","laundry_confirmed","listing review confirms laundry or washer/dryer access in the building or unit","https://cove.sg/listings/3161-cove-484-standard-room-gambier-court"
"cove-gambier-3161","Standard Room","Cove","https://cove.sg/listings/3161-cove-484-standard-room-gambier-court","2026-05-31","Codex","hard_filter_reviewed","trust","6","TR01","student_pass_acceptance","yes","ELIM","yes","","","student_pass_confirmed","student-pass acceptance is explicitly marked yes in the stored listing summary","https://cove.sg/listings/3161-cove-484-standard-room-gambier-court"
"cove-gambier-3161","Standard Room","Cove","https://cove.sg/listings/3161-cove-484-standard-room-gambier-court","2026-05-31","Codex","hard_filter_reviewed","trust","6","TR02","landlord_or_agent_verifiability","yes","ELIM","yes","","","operator_verifiable","the listing sits on an approved or conditional direct operator/property page with a traceable host identity","https://cove.sg/listings/3161-cove-484-standard-room-gambier-court"
"cove-gambier-3161","Standard Room","Cove","https://cove.sg/listings/3161-cove-484-standard-room-gambier-court","2026-05-31","Codex","hard_filter_reviewed","trust","6","TR03","proof_of_property_control","yes","ELIM","yes","","","property_control_plausible","the listing is on a direct operator-controlled property page, so proof of control should be obtainable","https://cove.sg/listings/3161-cove-484-standard-room-gambier-court"
"cove-gambier-3161","Standard Room","Cove","https://cove.sg/listings/3161-cove-484-standard-room-gambier-court","2026-05-31","Codex","hard_filter_reviewed","trust","6","TR04","source_trust_level","yes","ELIM","yes","","","source_approved","source registry status is 'approved'","https://cove.sg/listings/3161-cove-484-standard-room-gambier-court"
"cove-regalia-3127","Standard Room","Cove","https://cove.sg/listings/3127-cove-476-standard-room-the-regalia","2026-05-31","Codex","hard_filter_reviewed","lease_fit","1","LF01","availability_for_target_dates","yes","ELIM","yes","","","availability_before_target","availability_start is 2026-06-22, which is on or before August 9, 2026","https://cove.sg/listings/3127-cove-476-standard-room-the-regalia"
"cove-regalia-3127","Standard Room","Cove","https://cove.sg/listings/3127-cove-476-standard-room-the-regalia","2026-05-31","Codex","hard_filter_reviewed","cost","2","CO01","monthly_rent","yes","ELIM","yes","","","within_sgd_2000_cap","displayed monthly price is S$1850, which is within the SGD 2000 hard cap","https://cove.sg/listings/3127-cove-476-standard-room-the-regalia"
"cove-regalia-3127","Standard Room","Cove","https://cove.sg/listings/3127-cove-476-standard-room-the-regalia","2026-05-31","Codex","hard_filter_reviewed","location","3","LC01","commute_time_to_smu","yes","ELIM","yes","","","commute_within_cap","stored commute is 18 minutes by public transport","https://cove.sg/listings/3127-cove-476-standard-room-the-regalia"
"cove-regalia-3127","Standard Room","Cove","https://cove.sg/listings/3127-cove-476-standard-room-the-regalia","2026-05-31","Codex","hard_filter_reviewed","living_arrangement","4","LA03","bed_size_for_two","yes","ELIM","yes","","","bed_large_enough","bed evidence is 'Queen Bed', which meets the bigger-than-single requirement","https://cove.sg/listings/3127-cove-476-standard-room-the-regalia"
"cove-regalia-3127","Standard Room","Cove","https://cove.sg/listings/3127-cove-476-standard-room-the-regalia","2026-05-31","Codex","hard_filter_reviewed","unit_quality","5","UQ01","air_conditioning","yes","ELIM","yes","","","aircon_confirmed","listing review confirms air-conditioning in the room or apartment","https://cove.sg/listings/3127-cove-476-standard-room-the-regalia"
"cove-regalia-3127","Standard Room","Cove","https://cove.sg/listings/3127-cove-476-standard-room-the-regalia","2026-05-31","Codex","hard_filter_reviewed","unit_quality","5","UQ02","desk_in_room","yes","ELIM","yes","","","desk_confirmed","listing review confirms a desk or study table in the room","https://cove.sg/listings/3127-cove-476-standard-room-the-regalia"
"cove-regalia-3127","Standard Room","Cove","https://cove.sg/listings/3127-cove-476-standard-room-the-regalia","2026-05-31","Codex","hard_filter_reviewed","unit_quality","5","UQ03","natural_light_and_window","yes","ELIM","tbd","","","window_daylight_unverified","window and natural-light evidence remains incomplete in the stored listing notes","https://cove.sg/listings/3127-cove-476-standard-room-the-regalia"
"cove-regalia-3127","Standard Room","Cove","https://cove.sg/listings/3127-cove-476-standard-room-the-regalia","2026-05-31","Codex","hard_filter_reviewed","unit_quality","5","UQ04","laundry_access","yes","ELIM","yes","","","laundry_confirmed","listing review confirms laundry or washer/dryer access in the building or unit","https://cove.sg/listings/3127-cove-476-standard-room-the-regalia"
"cove-regalia-3127","Standard Room","Cove","https://cove.sg/listings/3127-cove-476-standard-room-the-regalia","2026-05-31","Codex","hard_filter_reviewed","trust","6","TR01","student_pass_acceptance","yes","ELIM","yes","","","student_pass_confirmed","student-pass acceptance is explicitly marked yes in the stored listing summary","https://cove.sg/listings/3127-cove-476-standard-room-the-regalia"
"cove-regalia-3127","Standard Room","Cove","https://cove.sg/listings/3127-cove-476-standard-room-the-regalia","2026-05-31","Codex","hard_filter_reviewed","trust","6","TR02","landlord_or_agent_verifiability","yes","ELIM","yes","","","operator_verifiable","the listing sits on an approved or conditional direct operator/property page with a traceable host identity","https://cove.sg/listings/3127-cove-476-standard-room-the-regalia"
"cove-regalia-3127","Standard Room","Cove","https://cove.sg/listings/3127-cove-476-standard-room-the-regalia","2026-05-31","Codex","hard_filter_reviewed","trust","6","TR03","proof_of_property_control","yes","ELIM","yes","","","property_control_plausible","the listing is on a direct operator-controlled property page, so proof of control should be obtainable","https://cove.sg/listings/3127-cove-476-standard-room-the-regalia"
"cove-regalia-3127","Standard Room","Cove","https://cove.sg/listings/3127-cove-476-standard-room-the-regalia","2026-05-31","Codex","hard_filter_reviewed","trust","6","TR04","source_trust_level","yes","ELIM","yes","","","source_approved","source registry status is 'approved'","https://cove.sg/listings/3127-cove-476-standard-room-the-regalia"
"cove-niven-910","Master Ensuite Room","Cove","https://cove.sg/listings/910-cove-155-master-ensuite-room-24-niven-road","2026-05-31","Codex","hard_filter_reviewed","lease_fit","1","LF01","availability_for_target_dates","yes","ELIM","tbd","","","availability_unverified","exact August 9, 2026 availability is not fully verified in the stored listing evidence","https://cove.sg/listings/910-cove-155-master-ensuite-room-24-niven-road"
"cove-niven-910","Master Ensuite Room","Cove","https://cove.sg/listings/910-cove-155-master-ensuite-room-24-niven-road","2026-05-31","Codex","hard_filter_reviewed","cost","2","CO01","monthly_rent","yes","ELIM","tbd","","","price_or_currency_unresolved","no verified listing-level SGD monthly price is stored, so the SGD 2000 budget cap remains unresolved","https://cove.sg/listings/910-cove-155-master-ensuite-room-24-niven-road"
"cove-niven-910","Master Ensuite Room","Cove","https://cove.sg/listings/910-cove-155-master-ensuite-room-24-niven-road","2026-05-31","Codex","hard_filter_reviewed","location","3","LC01","commute_time_to_smu","yes","ELIM","yes","","","commute_within_cap","stored commute is 10 minutes by walk","https://cove.sg/listings/910-cove-155-master-ensuite-room-24-niven-road"
"cove-niven-910","Master Ensuite Room","Cove","https://cove.sg/listings/910-cove-155-master-ensuite-room-24-niven-road","2026-05-31","Codex","hard_filter_reviewed","living_arrangement","4","LA03","bed_size_for_two","yes","ELIM","yes","","","bed_large_enough","bed evidence is 'Queen Bed', which meets the bigger-than-single requirement","https://cove.sg/listings/910-cove-155-master-ensuite-room-24-niven-road"
"cove-niven-910","Master Ensuite Room","Cove","https://cove.sg/listings/910-cove-155-master-ensuite-room-24-niven-road","2026-05-31","Codex","hard_filter_reviewed","unit_quality","5","UQ01","air_conditioning","yes","ELIM","yes","","","aircon_confirmed","listing review confirms air-conditioning in the room or apartment","https://cove.sg/listings/910-cove-155-master-ensuite-room-24-niven-road"
"cove-niven-910","Master Ensuite Room","Cove","https://cove.sg/listings/910-cove-155-master-ensuite-room-24-niven-road","2026-05-31","Codex","hard_filter_reviewed","unit_quality","5","UQ02","desk_in_room","yes","ELIM","yes","","","desk_confirmed","listing review confirms a desk or study table in the room","https://cove.sg/listings/910-cove-155-master-ensuite-room-24-niven-road"
"cove-niven-910","Master Ensuite Room","Cove","https://cove.sg/listings/910-cove-155-master-ensuite-room-24-niven-road","2026-05-31","Codex","hard_filter_reviewed","unit_quality","5","UQ03","natural_light_and_window","yes","ELIM","tbd","","","window_daylight_unverified","window and natural-light evidence remains incomplete in the stored listing notes","https://cove.sg/listings/910-cove-155-master-ensuite-room-24-niven-road"
"cove-niven-910","Master Ensuite Room","Cove","https://cove.sg/listings/910-cove-155-master-ensuite-room-24-niven-road","2026-05-31","Codex","hard_filter_reviewed","unit_quality","5","UQ04","laundry_access","yes","ELIM","yes","","","laundry_confirmed","listing review confirms laundry or washer/dryer access in the building or unit","https://cove.sg/listings/910-cove-155-master-ensuite-room-24-niven-road"
"cove-niven-910","Master Ensuite Room","Cove","https://cove.sg/listings/910-cove-155-master-ensuite-room-24-niven-road","2026-05-31","Codex","hard_filter_reviewed","trust","6","TR01","student_pass_acceptance","yes","ELIM","yes","","","student_pass_confirmed","student-pass acceptance is explicitly marked yes in the stored listing summary","https://cove.sg/listings/910-cove-155-master-ensuite-room-24-niven-road"
"cove-niven-910","Master Ensuite Room","Cove","https://cove.sg/listings/910-cove-155-master-ensuite-room-24-niven-road","2026-05-31","Codex","hard_filter_reviewed","trust","6","TR02","landlord_or_agent_verifiability","yes","ELIM","yes","","","operator_verifiable","the listing sits on an approved or conditional direct operator/property page with a traceable host identity","https://cove.sg/listings/910-cove-155-master-ensuite-room-24-niven-road"
"cove-niven-910","Master Ensuite Room","Cove","https://cove.sg/listings/910-cove-155-master-ensuite-room-24-niven-road","2026-05-31","Codex","hard_filter_reviewed","trust","6","TR03","proof_of_property_control","yes","ELIM","yes","","","property_control_plausible","the listing is on a direct operator-controlled property page, so proof of control should be obtainable","https://cove.sg/listings/910-cove-155-master-ensuite-room-24-niven-road"
"cove-niven-910","Master Ensuite Room","Cove","https://cove.sg/listings/910-cove-155-master-ensuite-room-24-niven-road","2026-05-31","Codex","hard_filter_reviewed","trust","6","TR04","source_trust_level","yes","ELIM","yes","","","source_approved","source registry status is 'approved'","https://cove.sg/listings/910-cove-155-master-ensuite-room-24-niven-road"
"cove-hootkiam-3146","Master Ensuite Room","Cove","https://cove.sg/listings/3146-cove-481-master-ensuite-room-hoot-kiam-mansions","2026-05-31","Codex","hard_filter_reviewed","lease_fit","1","LF01","availability_for_target_dates","yes","ELIM","yes","","","availability_before_target","availability_start is 2026-07-06, which is on or before August 9, 2026","https://cove.sg/listings/3146-cove-481-master-ensuite-room-hoot-kiam-mansions"
"cove-hootkiam-3146","Master Ensuite Room","Cove","https://cove.sg/listings/3146-cove-481-master-ensuite-room-hoot-kiam-mansions","2026-05-31","Codex","hard_filter_reviewed","cost","2","CO01","monthly_rent","yes","ELIM","tbd","","","price_or_currency_unresolved","no verified listing-level SGD monthly price is stored, so the SGD 2000 budget cap remains unresolved","https://cove.sg/listings/3146-cove-481-master-ensuite-room-hoot-kiam-mansions"
"cove-hootkiam-3146","Master Ensuite Room","Cove","https://cove.sg/listings/3146-cove-481-master-ensuite-room-hoot-kiam-mansions","2026-05-31","Codex","hard_filter_reviewed","location","3","LC01","commute_time_to_smu","yes","ELIM","yes","","","commute_within_cap","stored commute is 18 minutes by public transport","https://cove.sg/listings/3146-cove-481-master-ensuite-room-hoot-kiam-mansions"
"cove-hootkiam-3146","Master Ensuite Room","Cove","https://cove.sg/listings/3146-cove-481-master-ensuite-room-hoot-kiam-mansions","2026-05-31","Codex","hard_filter_reviewed","living_arrangement","4","LA03","bed_size_for_two","yes","ELIM","yes","","","bed_large_enough","bed evidence is 'Queen Bed', which meets the bigger-than-single requirement","https://cove.sg/listings/3146-cove-481-master-ensuite-room-hoot-kiam-mansions"
"cove-hootkiam-3146","Master Ensuite Room","Cove","https://cove.sg/listings/3146-cove-481-master-ensuite-room-hoot-kiam-mansions","2026-05-31","Codex","hard_filter_reviewed","unit_quality","5","UQ01","air_conditioning","yes","ELIM","yes","","","aircon_confirmed","listing review confirms air-conditioning in the room or apartment","https://cove.sg/listings/3146-cove-481-master-ensuite-room-hoot-kiam-mansions"
"cove-hootkiam-3146","Master Ensuite Room","Cove","https://cove.sg/listings/3146-cove-481-master-ensuite-room-hoot-kiam-mansions","2026-05-31","Codex","hard_filter_reviewed","unit_quality","5","UQ02","desk_in_room","yes","ELIM","yes","","","desk_confirmed","listing review confirms a desk or study table in the room","https://cove.sg/listings/3146-cove-481-master-ensuite-room-hoot-kiam-mansions"
"cove-hootkiam-3146","Master Ensuite Room","Cove","https://cove.sg/listings/3146-cove-481-master-ensuite-room-hoot-kiam-mansions","2026-05-31","Codex","hard_filter_reviewed","unit_quality","5","UQ03","natural_light_and_window","yes","ELIM","tbd","","","window_daylight_unverified","window and natural-light evidence remains incomplete in the stored listing notes","https://cove.sg/listings/3146-cove-481-master-ensuite-room-hoot-kiam-mansions"
"cove-hootkiam-3146","Master Ensuite Room","Cove","https://cove.sg/listings/3146-cove-481-master-ensuite-room-hoot-kiam-mansions","2026-05-31","Codex","hard_filter_reviewed","unit_quality","5","UQ04","laundry_access","yes","ELIM","yes","","","laundry_confirmed","listing review confirms laundry or washer/dryer access in the building or unit","https://cove.sg/listings/3146-cove-481-master-ensuite-room-hoot-kiam-mansions"
"cove-hootkiam-3146","Master Ensuite Room","Cove","https://cove.sg/listings/3146-cove-481-master-ensuite-room-hoot-kiam-mansions","2026-05-31","Codex","hard_filter_reviewed","trust","6","TR01","student_pass_acceptance","yes","ELIM","yes","","","student_pass_confirmed","student-pass acceptance is explicitly marked yes in the stored listing summary","https://cove.sg/listings/3146-cove-481-master-ensuite-room-hoot-kiam-mansions"
"cove-hootkiam-3146","Master Ensuite Room","Cove","https://cove.sg/listings/3146-cove-481-master-ensuite-room-hoot-kiam-mansions","2026-05-31","Codex","hard_filter_reviewed","trust","6","TR02","landlord_or_agent_verifiability","yes","ELIM","yes","","","operator_verifiable","the listing sits on an approved or conditional direct operator/property page with a traceable host identity","https://cove.sg/listings/3146-cove-481-master-ensuite-room-hoot-kiam-mansions"
"cove-hootkiam-3146","Master Ensuite Room","Cove","https://cove.sg/listings/3146-cove-481-master-ensuite-room-hoot-kiam-mansions","2026-05-31","Codex","hard_filter_reviewed","trust","6","TR03","proof_of_property_control","yes","ELIM","yes","","","property_control_plausible","the listing is on a direct operator-controlled property page, so proof of control should be obtainable","https://cove.sg/listings/3146-cove-481-master-ensuite-room-hoot-kiam-mansions"
"cove-hootkiam-3146","Master Ensuite Room","Cove","https://cove.sg/listings/3146-cove-481-master-ensuite-room-hoot-kiam-mansions","2026-05-31","Codex","hard_filter_reviewed","trust","6","TR04","source_trust_level","yes","ELIM","yes","","","source_approved","source registry status is 'approved'","https://cove.sg/listings/3146-cove-481-master-ensuite-room-hoot-kiam-mansions"
"cove-hootkiam-3147","Junior Master Ensuite Room","Cove","https://cove.sg/listings/3147-cove-481-junior-master-ensuite-room-hoot-kiam-mansions","2026-05-31","Codex","hard_filter_reviewed","lease_fit","1","LF01","availability_for_target_dates","yes","ELIM","yes","","","availability_before_target","availability_start is 2026-05-15, which is on or before August 9, 2026","https://cove.sg/listings/3147-cove-481-junior-master-ensuite-room-hoot-kiam-mansions"
"cove-hootkiam-3147","Junior Master Ensuite Room","Cove","https://cove.sg/listings/3147-cove-481-junior-master-ensuite-room-hoot-kiam-mansions","2026-05-31","Codex","hard_filter_reviewed","cost","2","CO01","monthly_rent","yes","ELIM","yes","","","within_sgd_2000_cap","displayed monthly price is S$1950, which is within the SGD 2000 hard cap","https://cove.sg/listings/3147-cove-481-junior-master-ensuite-room-hoot-kiam-mansions"
"cove-hootkiam-3147","Junior Master Ensuite Room","Cove","https://cove.sg/listings/3147-cove-481-junior-master-ensuite-room-hoot-kiam-mansions","2026-05-31","Codex","hard_filter_reviewed","location","3","LC01","commute_time_to_smu","yes","ELIM","yes","","","commute_within_cap","stored commute is 18 minutes by public transport","https://cove.sg/listings/3147-cove-481-junior-master-ensuite-room-hoot-kiam-mansions"
"cove-hootkiam-3147","Junior Master Ensuite Room","Cove","https://cove.sg/listings/3147-cove-481-junior-master-ensuite-room-hoot-kiam-mansions","2026-05-31","Codex","hard_filter_reviewed","living_arrangement","4","LA03","bed_size_for_two","yes","ELIM","yes","","","bed_large_enough","bed evidence is 'Queen Bed', which meets the bigger-than-single requirement","https://cove.sg/listings/3147-cove-481-junior-master-ensuite-room-hoot-kiam-mansions"
"cove-hootkiam-3147","Junior Master Ensuite Room","Cove","https://cove.sg/listings/3147-cove-481-junior-master-ensuite-room-hoot-kiam-mansions","2026-05-31","Codex","hard_filter_reviewed","unit_quality","5","UQ01","air_conditioning","yes","ELIM","yes","","","aircon_confirmed","listing review confirms air-conditioning in the room or apartment","https://cove.sg/listings/3147-cove-481-junior-master-ensuite-room-hoot-kiam-mansions"
"cove-hootkiam-3147","Junior Master Ensuite Room","Cove","https://cove.sg/listings/3147-cove-481-junior-master-ensuite-room-hoot-kiam-mansions","2026-05-31","Codex","hard_filter_reviewed","unit_quality","5","UQ02","desk_in_room","yes","ELIM","yes","","","desk_confirmed","listing review confirms a desk or study table in the room","https://cove.sg/listings/3147-cove-481-junior-master-ensuite-room-hoot-kiam-mansions"
"cove-hootkiam-3147","Junior Master Ensuite Room","Cove","https://cove.sg/listings/3147-cove-481-junior-master-ensuite-room-hoot-kiam-mansions","2026-05-31","Codex","hard_filter_reviewed","unit_quality","5","UQ03","natural_light_and_window","yes","ELIM","tbd","","","window_daylight_unverified","window and natural-light evidence remains incomplete in the stored listing notes","https://cove.sg/listings/3147-cove-481-junior-master-ensuite-room-hoot-kiam-mansions"
"cove-hootkiam-3147","Junior Master Ensuite Room","Cove","https://cove.sg/listings/3147-cove-481-junior-master-ensuite-room-hoot-kiam-mansions","2026-05-31","Codex","hard_filter_reviewed","unit_quality","5","UQ04","laundry_access","yes","ELIM","yes","","","laundry_confirmed","listing review confirms laundry or washer/dryer access in the building or unit","https://cove.sg/listings/3147-cove-481-junior-master-ensuite-room-hoot-kiam-mansions"
"cove-hootkiam-3147","Junior Master Ensuite Room","Cove","https://cove.sg/listings/3147-cove-481-junior-master-ensuite-room-hoot-kiam-mansions","2026-05-31","Codex","hard_filter_reviewed","trust","6","TR01","student_pass_acceptance","yes","ELIM","yes","","","student_pass_confirmed","student-pass acceptance is explicitly marked yes in the stored listing summary","https://cove.sg/listings/3147-cove-481-junior-master-ensuite-room-hoot-kiam-mansions"
"cove-hootkiam-3147","Junior Master Ensuite Room","Cove","https://cove.sg/listings/3147-cove-481-junior-master-ensuite-room-hoot-kiam-mansions","2026-05-31","Codex","hard_filter_reviewed","trust","6","TR02","landlord_or_agent_verifiability","yes","ELIM","yes","","","operator_verifiable","the listing sits on an approved or conditional direct operator/property page with a traceable host identity","https://cove.sg/listings/3147-cove-481-junior-master-ensuite-room-hoot-kiam-mansions"
"cove-hootkiam-3147","Junior Master Ensuite Room","Cove","https://cove.sg/listings/3147-cove-481-junior-master-ensuite-room-hoot-kiam-mansions","2026-05-31","Codex","hard_filter_reviewed","trust","6","TR03","proof_of_property_control","yes","ELIM","yes","","","property_control_plausible","the listing is on a direct operator-controlled property page, so proof of control should be obtainable","https://cove.sg/listings/3147-cove-481-junior-master-ensuite-room-hoot-kiam-mansions"
"cove-hootkiam-3147","Junior Master Ensuite Room","Cove","https://cove.sg/listings/3147-cove-481-junior-master-ensuite-room-hoot-kiam-mansions","2026-05-31","Codex","hard_filter_reviewed","trust","6","TR04","source_trust_level","yes","ELIM","yes","","","source_approved","source registry status is 'approved'","https://cove.sg/listings/3147-cove-481-junior-master-ensuite-room-hoot-kiam-mansions"
"cove-regalia-3126","Master Ensuite Room","Cove","https://cove.sg/listings/3126-cove-476-master-ensuite-room-the-regalia","2026-05-31","Codex","hard_filter_reviewed","lease_fit","1","LF01","availability_for_target_dates","yes","ELIM","tbd","","","availability_unverified","exact August 9, 2026 availability is not fully verified in the stored listing evidence","https://cove.sg/listings/3126-cove-476-master-ensuite-room-the-regalia"
"cove-regalia-3126","Master Ensuite Room","Cove","https://cove.sg/listings/3126-cove-476-master-ensuite-room-the-regalia","2026-05-31","Codex","hard_filter_reviewed","cost","2","CO01","monthly_rent","yes","ELIM","tbd","","","price_or_currency_unresolved","no verified listing-level SGD monthly price is stored, so the SGD 2000 budget cap remains unresolved","https://cove.sg/listings/3126-cove-476-master-ensuite-room-the-regalia"
"cove-regalia-3126","Master Ensuite Room","Cove","https://cove.sg/listings/3126-cove-476-master-ensuite-room-the-regalia","2026-05-31","Codex","hard_filter_reviewed","location","3","LC01","commute_time_to_smu","yes","ELIM","yes","","","commute_within_cap","stored commute is 18 minutes by public transport","https://cove.sg/listings/3126-cove-476-master-ensuite-room-the-regalia"
"cove-regalia-3126","Master Ensuite Room","Cove","https://cove.sg/listings/3126-cove-476-master-ensuite-room-the-regalia","2026-05-31","Codex","hard_filter_reviewed","living_arrangement","4","LA03","bed_size_for_two","yes","ELIM","yes","","","bed_large_enough","bed evidence is 'Queen Bed', which meets the bigger-than-single requirement","https://cove.sg/listings/3126-cove-476-master-ensuite-room-the-regalia"
"cove-regalia-3126","Master Ensuite Room","Cove","https://cove.sg/listings/3126-cove-476-master-ensuite-room-the-regalia","2026-05-31","Codex","hard_filter_reviewed","unit_quality","5","UQ01","air_conditioning","yes","ELIM","yes","","","aircon_confirmed","listing review confirms air-conditioning in the room or apartment","https://cove.sg/listings/3126-cove-476-master-ensuite-room-the-regalia"
"cove-regalia-3126","Master Ensuite Room","Cove","https://cove.sg/listings/3126-cove-476-master-ensuite-room-the-regalia","2026-05-31","Codex","hard_filter_reviewed","unit_quality","5","UQ02","desk_in_room","yes","ELIM","yes","","","desk_confirmed","listing review confirms a desk or study table in the room","https://cove.sg/listings/3126-cove-476-master-ensuite-room-the-regalia"
"cove-regalia-3126","Master Ensuite Room","Cove","https://cove.sg/listings/3126-cove-476-master-ensuite-room-the-regalia","2026-05-31","Codex","hard_filter_reviewed","unit_quality","5","UQ03","natural_light_and_window","yes","ELIM","tbd","","","window_daylight_unverified","window and natural-light evidence remains incomplete in the stored listing notes","https://cove.sg/listings/3126-cove-476-master-ensuite-room-the-regalia"
"cove-regalia-3126","Master Ensuite Room","Cove","https://cove.sg/listings/3126-cove-476-master-ensuite-room-the-regalia","2026-05-31","Codex","hard_filter_reviewed","unit_quality","5","UQ04","laundry_access","yes","ELIM","yes","","","laundry_confirmed","listing review confirms laundry or washer/dryer access in the building or unit","https://cove.sg/listings/3126-cove-476-master-ensuite-room-the-regalia"
"cove-regalia-3126","Master Ensuite Room","Cove","https://cove.sg/listings/3126-cove-476-master-ensuite-room-the-regalia","2026-05-31","Codex","hard_filter_reviewed","trust","6","TR01","student_pass_acceptance","yes","ELIM","yes","","","student_pass_confirmed","student-pass acceptance is explicitly marked yes in the stored listing summary","https://cove.sg/listings/3126-cove-476-master-ensuite-room-the-regalia"
"cove-regalia-3126","Master Ensuite Room","Cove","https://cove.sg/listings/3126-cove-476-master-ensuite-room-the-regalia","2026-05-31","Codex","hard_filter_reviewed","trust","6","TR02","landlord_or_agent_verifiability","yes","ELIM","yes","","","operator_verifiable","the listing sits on an approved or conditional direct operator/property page with a traceable host identity","https://cove.sg/listings/3126-cove-476-master-ensuite-room-the-regalia"
"cove-regalia-3126","Master Ensuite Room","Cove","https://cove.sg/listings/3126-cove-476-master-ensuite-room-the-regalia","2026-05-31","Codex","hard_filter_reviewed","trust","6","TR03","proof_of_property_control","yes","ELIM","yes","","","property_control_plausible","the listing is on a direct operator-controlled property page, so proof of control should be obtainable","https://cove.sg/listings/3126-cove-476-master-ensuite-room-the-regalia"
"cove-regalia-3126","Master Ensuite Room","Cove","https://cove.sg/listings/3126-cove-476-master-ensuite-room-the-regalia","2026-05-31","Codex","hard_filter_reviewed","trust","6","TR04","source_trust_level","yes","ELIM","yes","","","source_approved","source registry status is 'approved'","https://cove.sg/listings/3126-cove-476-master-ensuite-room-the-regalia"
"cove-regalia-3130","Master Ensuite Room","Cove","https://cove.sg/listings/3130-cove-477-master-ensuite-room-the-regalia","2026-05-31","Codex","hard_filter_reviewed","lease_fit","1","LF01","availability_for_target_dates","yes","ELIM","tbd","","","availability_unverified","exact August 9, 2026 availability is not fully verified in the stored listing evidence","https://cove.sg/listings/3130-cove-477-master-ensuite-room-the-regalia"
"cove-regalia-3130","Master Ensuite Room","Cove","https://cove.sg/listings/3130-cove-477-master-ensuite-room-the-regalia","2026-05-31","Codex","hard_filter_reviewed","cost","2","CO01","monthly_rent","yes","ELIM","tbd","","","price_or_currency_unresolved","no verified listing-level SGD monthly price is stored, so the SGD 2000 budget cap remains unresolved","https://cove.sg/listings/3130-cove-477-master-ensuite-room-the-regalia"
"cove-regalia-3130","Master Ensuite Room","Cove","https://cove.sg/listings/3130-cove-477-master-ensuite-room-the-regalia","2026-05-31","Codex","hard_filter_reviewed","location","3","LC01","commute_time_to_smu","yes","ELIM","yes","","","commute_within_cap","stored commute is 18 minutes by public transport","https://cove.sg/listings/3130-cove-477-master-ensuite-room-the-regalia"
"cove-regalia-3130","Master Ensuite Room","Cove","https://cove.sg/listings/3130-cove-477-master-ensuite-room-the-regalia","2026-05-31","Codex","hard_filter_reviewed","living_arrangement","4","LA03","bed_size_for_two","yes","ELIM","yes","","","bed_large_enough","bed evidence is 'Queen Bed', which meets the bigger-than-single requirement","https://cove.sg/listings/3130-cove-477-master-ensuite-room-the-regalia"
"cove-regalia-3130","Master Ensuite Room","Cove","https://cove.sg/listings/3130-cove-477-master-ensuite-room-the-regalia","2026-05-31","Codex","hard_filter_reviewed","unit_quality","5","UQ01","air_conditioning","yes","ELIM","yes","","","aircon_confirmed","listing review confirms air-conditioning in the room or apartment","https://cove.sg/listings/3130-cove-477-master-ensuite-room-the-regalia"
"cove-regalia-3130","Master Ensuite Room","Cove","https://cove.sg/listings/3130-cove-477-master-ensuite-room-the-regalia","2026-05-31","Codex","hard_filter_reviewed","unit_quality","5","UQ02","desk_in_room","yes","ELIM","yes","","","desk_confirmed","listing review confirms a desk or study table in the room","https://cove.sg/listings/3130-cove-477-master-ensuite-room-the-regalia"
"cove-regalia-3130","Master Ensuite Room","Cove","https://cove.sg/listings/3130-cove-477-master-ensuite-room-the-regalia","2026-05-31","Codex","hard_filter_reviewed","unit_quality","5","UQ03","natural_light_and_window","yes","ELIM","tbd","","","window_daylight_unverified","window and natural-light evidence remains incomplete in the stored listing notes","https://cove.sg/listings/3130-cove-477-master-ensuite-room-the-regalia"
"cove-regalia-3130","Master Ensuite Room","Cove","https://cove.sg/listings/3130-cove-477-master-ensuite-room-the-regalia","2026-05-31","Codex","hard_filter_reviewed","unit_quality","5","UQ04","laundry_access","yes","ELIM","yes","","","laundry_confirmed","listing review confirms laundry or washer/dryer access in the building or unit","https://cove.sg/listings/3130-cove-477-master-ensuite-room-the-regalia"
"cove-regalia-3130","Master Ensuite Room","Cove","https://cove.sg/listings/3130-cove-477-master-ensuite-room-the-regalia","2026-05-31","Codex","hard_filter_reviewed","trust","6","TR01","student_pass_acceptance","yes","ELIM","yes","","","student_pass_confirmed","student-pass acceptance is explicitly marked yes in the stored listing summary","https://cove.sg/listings/3130-cove-477-master-ensuite-room-the-regalia"
"cove-regalia-3130","Master Ensuite Room","Cove","https://cove.sg/listings/3130-cove-477-master-ensuite-room-the-regalia","2026-05-31","Codex","hard_filter_reviewed","trust","6","TR02","landlord_or_agent_verifiability","yes","ELIM","yes","","","operator_verifiable","the listing sits on an approved or conditional direct operator/property page with a traceable host identity","https://cove.sg/listings/3130-cove-477-master-ensuite-room-the-regalia"
"cove-regalia-3130","Master Ensuite Room","Cove","https://cove.sg/listings/3130-cove-477-master-ensuite-room-the-regalia","2026-05-31","Codex","hard_filter_reviewed","trust","6","TR03","proof_of_property_control","yes","ELIM","yes","","","property_control_plausible","the listing is on a direct operator-controlled property page, so proof of control should be obtainable","https://cove.sg/listings/3130-cove-477-master-ensuite-room-the-regalia"
"cove-regalia-3130","Master Ensuite Room","Cove","https://cove.sg/listings/3130-cove-477-master-ensuite-room-the-regalia","2026-05-31","Codex","hard_filter_reviewed","trust","6","TR04","source_trust_level","yes","ELIM","yes","","","source_approved","source registry status is 'approved'","https://cove.sg/listings/3130-cove-477-master-ensuite-room-the-regalia"
"cove-regalia-3133","Standard Room","Cove","https://cove.sg/listings/3133-cove-477-standard-room-the-regalia","2026-05-31","Codex","hard_filter_reviewed","lease_fit","1","LF01","availability_for_target_dates","yes","ELIM","tbd","","","availability_unverified","exact August 9, 2026 availability is not fully verified in the stored listing evidence","https://cove.sg/listings/3133-cove-477-standard-room-the-regalia"
"cove-regalia-3133","Standard Room","Cove","https://cove.sg/listings/3133-cove-477-standard-room-the-regalia","2026-05-31","Codex","hard_filter_reviewed","cost","2","CO01","monthly_rent","yes","ELIM","tbd","","","price_or_currency_unresolved","no verified listing-level SGD monthly price is stored, so the SGD 2000 budget cap remains unresolved","https://cove.sg/listings/3133-cove-477-standard-room-the-regalia"
"cove-regalia-3133","Standard Room","Cove","https://cove.sg/listings/3133-cove-477-standard-room-the-regalia","2026-05-31","Codex","hard_filter_reviewed","location","3","LC01","commute_time_to_smu","yes","ELIM","yes","","","commute_within_cap","stored commute is 18 minutes by public transport","https://cove.sg/listings/3133-cove-477-standard-room-the-regalia"
"cove-regalia-3133","Standard Room","Cove","https://cove.sg/listings/3133-cove-477-standard-room-the-regalia","2026-05-31","Codex","hard_filter_reviewed","living_arrangement","4","LA03","bed_size_for_two","yes","ELIM","yes","","","bed_large_enough","bed evidence is 'Queen Bed', which meets the bigger-than-single requirement","https://cove.sg/listings/3133-cove-477-standard-room-the-regalia"
"cove-regalia-3133","Standard Room","Cove","https://cove.sg/listings/3133-cove-477-standard-room-the-regalia","2026-05-31","Codex","hard_filter_reviewed","unit_quality","5","UQ01","air_conditioning","yes","ELIM","yes","","","aircon_confirmed","listing review confirms air-conditioning in the room or apartment","https://cove.sg/listings/3133-cove-477-standard-room-the-regalia"
"cove-regalia-3133","Standard Room","Cove","https://cove.sg/listings/3133-cove-477-standard-room-the-regalia","2026-05-31","Codex","hard_filter_reviewed","unit_quality","5","UQ02","desk_in_room","yes","ELIM","yes","","","desk_confirmed","listing review confirms a desk or study table in the room","https://cove.sg/listings/3133-cove-477-standard-room-the-regalia"
"cove-regalia-3133","Standard Room","Cove","https://cove.sg/listings/3133-cove-477-standard-room-the-regalia","2026-05-31","Codex","hard_filter_reviewed","unit_quality","5","UQ03","natural_light_and_window","yes","ELIM","tbd","","","window_daylight_unverified","window and natural-light evidence remains incomplete in the stored listing notes","https://cove.sg/listings/3133-cove-477-standard-room-the-regalia"
"cove-regalia-3133","Standard Room","Cove","https://cove.sg/listings/3133-cove-477-standard-room-the-regalia","2026-05-31","Codex","hard_filter_reviewed","unit_quality","5","UQ04","laundry_access","yes","ELIM","yes","","","laundry_confirmed","listing review confirms laundry or washer/dryer access in the building or unit","https://cove.sg/listings/3133-cove-477-standard-room-the-regalia"
"cove-regalia-3133","Standard Room","Cove","https://cove.sg/listings/3133-cove-477-standard-room-the-regalia","2026-05-31","Codex","hard_filter_reviewed","trust","6","TR01","student_pass_acceptance","yes","ELIM","yes","","","student_pass_confirmed","student-pass acceptance is explicitly marked yes in the stored listing summary","https://cove.sg/listings/3133-cove-477-standard-room-the-regalia"
"cove-regalia-3133","Standard Room","Cove","https://cove.sg/listings/3133-cove-477-standard-room-the-regalia","2026-05-31","Codex","hard_filter_reviewed","trust","6","TR02","landlord_or_agent_verifiability","yes","ELIM","yes","","","operator_verifiable","the listing sits on an approved or conditional direct operator/property page with a traceable host identity","https://cove.sg/listings/3133-cove-477-standard-room-the-regalia"
"cove-regalia-3133","Standard Room","Cove","https://cove.sg/listings/3133-cove-477-standard-room-the-regalia","2026-05-31","Codex","hard_filter_reviewed","trust","6","TR03","proof_of_property_control","yes","ELIM","yes","","","property_control_plausible","the listing is on a direct operator-controlled property page, so proof of control should be obtainable","https://cove.sg/listings/3133-cove-477-standard-room-the-regalia"
"cove-regalia-3133","Standard Room","Cove","https://cove.sg/listings/3133-cove-477-standard-room-the-regalia","2026-05-31","Codex","hard_filter_reviewed","trust","6","TR04","source_trust_level","yes","ELIM","yes","","","source_approved","source registry status is 'approved'","https://cove.sg/listings/3133-cove-477-standard-room-the-regalia"
